rank,title,publication_date,author,department,publication_number,language,thumbnail,pdf,page,text_chunks,entities
1,Administrative Policies and Procedures,2023-08-18,Nicholas King,"Lee, Shields and Bowman",8309030038,en,https://placekitten.com/98/903,https://www.jones-jordan.com/,2,"Administrative Policies and Procedures: Administrative Policies and Procedures

Purpose:
The purpose of this document is to outline the administrative policies and procedures that must be followed by all employees of XYZ Company. These policies and procedures are put in place to ensure efficiency, consistency, and compliance within the company.

Scope:
These policies and procedures apply to all employees of XYZ Company, including full-time, part-time, and contract employees.

Policy:

1. Office Hours:
a","{""departments"": [], ""procedures"": [""Administrative Policies and Procedures"", ""administrative policies and procedures"", ""office hours""], ""technologies"": [], ""projects"": []}"
1,Administrative Policies and Procedures,2023-08-18,Nicholas King,"Lee, Shields and Bowman",8309030038,en,https://placekitten.com/98/903,https://www.jones-jordan.com/,2,"Administrative Policies and Procedures: Office Hours:
a. The standard office hours for XYZ Company are from 9:00 am to 5:00 pm, Monday to Friday.
b. All employees are expected to arrive on time and to adhere to their scheduled working hours.
c. Any changes to office hours must be approved by the employee's supervisor and HR department.

2. Attendance:
a. Punctuality and regular attendance are essential for the success of the company.
b. Employees are required to notify their supervisor and HR department if they are unable to report to work.
c","{""departments"": [""HR""], ""procedures"": [""office hours"", ""attendance""], ""technologies"": [], ""projects"": []}"
1,Administrative Policies and Procedures,2023-08-18,Nicholas King,"Lee, Shields and Bowman",8309030038,en,https://placekitten.com/98/903,https://www.jones-jordan.com/,2,"Administrative Policies and Procedures: Excessive absenteeism or tardiness may result in disciplinary action.

3. Dress Code:
a. Employees are expected to dress professionally and maintain a neat and clean appearance at all times.
b. Casual attire is only permitted on designated days, as approved by the management team.
c. Employees must refrain from wearing any clothing that may be considered offensive or inappropriate.

4. Use of Company Property:
a","{""departments"": [], ""procedures"": [""Administrative Policies and Procedures"", ""Dress Code"", ""Use of Company Property""], ""technologies"": [], ""projects"": []}"
1,Administrative Policies and Procedures,2023-08-18,Nicholas King,"Lee, Shields and Bowman",8309030038,en,https://placekitten.com/98/903,https://www.jones-jordan.com/,2,"Administrative Policies and Procedures: All company property, including equipment, supplies, and technology, must be used for business purposes only.
b. Employees must ensure the proper care and maintenance of company property.
c. Any damage or loss of company property must be reported to the employee's supervisor immediately.

5. Confidentiality:
a. Employees must maintain the confidentiality of all company and client information.
b","{""departments"": [], ""procedures"": [""Administrative Policies and Procedures"", ""Confidentiality""], ""technologies"": [], ""projects"": []}"
1,Administrative Policies and Procedures,2023-08-18,Nicholas King,"Lee, Shields and Bowman",8309030038,en,https://placekitten.com/98/903,https://www.jones-jordan.com/,2,"Administrative Policies and Procedures: Any unauthorized disclosure of confidential information may result in disciplinary action and legal consequences.

6. Communication:
a. All employees are expected to communicate professionally and respectfully with their colleagues and clients.
b. The use of company email, phone, and other communication channels should be for business purposes only.
c. Any inappropriate or offensive communication will not be tolerated and may result in disciplinary action.

Procedures:

1. Requesting Time Off:
a","{""departments"": [], ""procedures"": [""Administrative Policies and Procedures"", ""Communication"", ""Requesting Time Off""], ""technologies"": [], ""projects"": []}"
1,Administrative Policies and Procedures,2023-08-18,Nicholas King,"Lee, Shields and Bowman",8309030038,en,https://placekitten.com/98/903,https://www.jones-jordan.com/,2,"Administrative Policies and Procedures: Employees must submit a request for time off to their supervisor at least two weeks in advance.
b. The supervisor will review the request and approve or deny it based on business needs.
c. Employees must ensure that their workload is covered during their absence.

2. Reimbursement of Expenses:
a. Employees must submit an expense report with appropriate documentation for any business-related expenses.
b. The expense report must be approved by the employee's supervisor and the finance department.
c","{""departments"": [], ""procedures"": [""Administrative Policies and Procedures"", ""Reimbursement of Expenses""], ""technologies"": [], ""projects"": []}"
1,Administrative Policies and Procedures,2023-08-18,Nicholas King,"Lee, Shields and Bowman",8309030038,en,https://placekitten.com/98/903,https://www.jones-jordan.com/,2,"Administrative Policies and Procedures: Reimbursement will be made through the employee's monthly paycheck.

3. Performance Evaluations:
a. Performance evaluations will be conducted annually for all employees.
b. The evaluation will be based on job performance, behavior, and adherence to company policies and procedures.
c","{""departments"": [], ""procedures"": [""Administrative Policies and Procedures"", ""Performance Evaluations"", ""Performance evaluations"", ""job performance"", ""behavior"", ""adherence to company policies and procedures""], ""technologies"": [], ""projects"": []}"
1,Administrative Policies and Procedures,2023-08-18,Nicholas King,"Lee, Shields and Bowman",8309030038,en,https://placekitten.com/98/903,https://www.jones-jordan.com/,2,"Administrative Policies and Procedures: Any areas of improvement will be discussed, and a performance improvement plan may be implemented if necessary.

Conclusion:
All employees are expected to familiarize themselves with these administrative policies and procedures and adhere to them at all times. Failure to comply may result in disciplinary action, up to and including termination of employment. Any questions or concerns regarding these policies and procedures should be addressed to the HR department.","{""departments"": [""HR""], ""procedures"": [""performance improvement plan"", ""disciplinary action"", ""termination of employment"", ""familiarize themselves"", ""adhere to them"", ""questions or concerns""], ""technologies"": [], ""projects"": []}"
2,Organizational Structure,2022-07-15,Tracie Haley,Wilson-Lawrence,6320554784,en,https://placekitten.com/450/174,http://golden-kennedy.org/,9,"Organizational Structure: Date: [Insert Date]

To: All Employees

From: [Insert Name], Human Resources Manager

Subject: Organizational Structure

As our company continues to grow and expand, it is essential for us to have a clear and efficient organizational structure in place. This document serves as a guide to explain the various levels and roles within our organization.

Our company follows a hierarchical structure, with the CEO at the top, followed by the executive team, managers, and employees",
2,Organizational Structure,2022-07-15,Tracie Haley,Wilson-Lawrence,6320554784,en,https://placekitten.com/450/174,http://golden-kennedy.org/,9,"Organizational Structure: This structure ensures clear lines of communication and decision-making.

CEO: The Chief Executive Officer (CEO) is responsible for the overall management and strategic direction of the company. They work closely with the executive team to set goals and make important decisions for the company.

Executive Team: The executive team consists of the Chief Operating Officer (COO), Chief Financial Officer (CFO), and Chief Marketing Officer (CMO)","{""departments"": [], ""procedures"": [], ""technologies"": [], ""projects"": [""Organizational Structure"", ""CEO"", ""Chief Executive Officer"", ""executive team"", ""Chief Operating Officer"", ""COO"", ""Chief Financial Officer"", ""CFO"", ""Chief Marketing Officer"", ""CMO""]}"
2,Organizational Structure,2022-07-15,Tracie Haley,Wilson-Lawrence,6320554784,en,https://placekitten.com/450/174,http://golden-kennedy.org/,9,"Organizational Structure: They report directly to the CEO and oversee the day-to-day operations of the company.

Managers: Managers are responsible for overseeing specific departments or teams within the company. They report to the executive team and are responsible for ensuring that their department goals align with the overall goals of the company.

Employees: Employees are the backbone of our organization and play a crucial role in the success of our company",
2,Organizational Structure,2022-07-15,Tracie Haley,Wilson-Lawrence,6320554784,en,https://placekitten.com/450/174,http://golden-kennedy.org/,9,"Organizational Structure: They report to their respective managers and are responsible for carrying out their assigned tasks and responsibilities.

In addition to the hierarchical structure, we also have a cross-functional structure in place. This means that employees from different departments work together on projects and initiatives to promote collaboration and innovation.

We believe that having a well-defined organizational structure is crucial for the smooth functioning of our company",
2,Organizational Structure,2022-07-15,Tracie Haley,Wilson-Lawrence,6320554784,en,https://placekitten.com/450/174,http://golden-kennedy.org/,9,"Organizational Structure: It helps in clearly defining roles and responsibilities, promoting efficient decision-making and communication, and fostering a sense of accountability.

As always, we value your feedback and welcome any suggestions or concerns regarding our organizational structure. Let us continue to work together to achieve our goals and drive our company towards success.

Thank you.

Sincerely,

[Insert Name], Human Resources Manager","{""departments"": [], ""procedures"": [], ""technologies"": [], ""projects"": []}"
3,Employee Handbook,2023-08-19,Nancy Hunter,"Davis, Ferguson and Oneill",979711036,en,https://dummyimage.com/622x791,https://www.simon-stein.net/,7,"Employee Handbook: Employee Handbook

Introduction:
This employee handbook serves as a guide for all employees of [Company Name] and outlines the policies and procedures that must be followed during employment. It is the responsibility of every employee to familiarize themselves with the content of this handbook and adhere to the guidelines set forth",
3,Employee Handbook,2023-08-19,Nancy Hunter,"Davis, Ferguson and Oneill",979711036,en,https://dummyimage.com/622x791,https://www.simon-stein.net/,7,"Employee Handbook: By joining our company, you are agreeing to abide by all rules and regulations outlined in this handbook.

Employment:
All employees are expected to follow the company's code of conduct and maintain a professional attitude at all times. Discrimination, harassment, and any other form of inappropriate behavior will not be tolerated and may result in immediate termination","{""departments"": [], ""procedures"": [""Employee Handbook"", ""code of conduct""], ""technologies"": [], ""projects"": []}"
3,Employee Handbook,2023-08-19,Nancy Hunter,"Davis, Ferguson and Oneill",979711036,en,https://dummyimage.com/622x791,https://www.simon-stein.net/,7,"Employee Handbook: It is the responsibility of every employee to maintain a safe and respectful work environment.

Workplace Policies:
- All employees are expected to arrive to work on time and adhere to their assigned work schedule.
- The use of company property and resources for personal use is strictly prohibited.
- Dress code must be followed at all times, and employees are expected to dress in a professional manner.
- All employees must maintain confidentiality regarding company information and client data.

Benefits:
As","{""departments"": [], ""procedures"": [], ""technologies"": [], ""projects"": []}"
3,Employee Handbook,2023-08-19,Nancy Hunter,"Davis, Ferguson and Oneill",979711036,en,https://dummyimage.com/622x791,https://www.simon-stein.net/,7,"Employee Handbook: data.

Benefits:
As an employee of [Company Name], you are entitled to certain benefits such as health insurance, paid time off, and retirement plans","{""departments"": [], ""procedures"": [], ""technologies"": [], ""projects"": []}"
3,Employee Handbook,2023-08-19,Nancy Hunter,"Davis, Ferguson and Oneill",979711036,en,https://dummyimage.com/622x791,https://www.simon-stein.net/,7,"Employee Handbook: Details of these benefits will be provided upon employment.

Performance and Conduct:
All employees are expected to perform their job duties to the best of their abilities and maintain a satisfactory level of performance. Any performance issues will be addressed through a performance improvement plan. In addition, any misconduct or violation of company policies may result in disciplinary action.

Leaves of Absence:
Employees may request time off for personal reasons, such as illness or family emergencies","{""departments"": [], ""procedures"": [""performance improvement plan""], ""technologies"": [], ""projects"": []}"
3,Employee Handbook,2023-08-19,Nancy Hunter,"Davis, Ferguson and Oneill",979711036,en,https://dummyimage.com/622x791,https://www.simon-stein.net/,7,"Employee Handbook: It is the responsibility of the employee to notify their supervisor in advance and follow proper procedures for requesting time off.

Termination:
Termination of employment may occur due to poor performance, misconduct, or violation of company policies. In addition, employees may resign from their position with proper notice and procedures.

Acknowledgement:
By signing below, I acknowledge that I have received a copy of the employee handbook and agree to abide by the policies and procedures outlined within","{""departments"": [], ""procedures"": [""employee handbook"", ""requesting time off"", ""Termination"", ""poor performance"", ""misconduct"", ""violation of company policies"", ""resign from their position"", ""proper notice"", ""procedures"", ""Acknowledgement""], ""technologies"": [], ""projects"": []}"
3,Employee Handbook,2023-08-19,Nancy Hunter,"Davis, Ferguson and Oneill",979711036,en,https://dummyimage.com/622x791,https://www.simon-stein.net/,7,"Employee Handbook: I understand that failure to comply with these policies may result in disciplinary action, up to and including termination.

Employee Signature: ___________________
Date: ___________

Supervisor Signature: _________________
Date: ___________

Human Resources Representative Signature: _________________
Date: ___________

[Company Name] reserves the right to update or modify the policies outlined in this handbook at any time","{""departments"": [], ""procedures"": [""disciplinary action""], ""technologies"": [], ""projects"": []}"
3,Employee Handbook,2023-08-19,Nancy Hunter,"Davis, Ferguson and Oneill",979711036,en,https://dummyimage.com/622x791,https://www.simon-stein.net/,7,Employee Handbook: Employees will be notified of any changes and are expected to comply with the updated policies.,"{""departments"": [], ""procedures"": [""Employee Handbook""], ""technologies"": [], ""projects"": []}"
4,HR Management Systems,2023-11-02,Amanda Allen,Smith-Thomas,5644000230,en,https://dummyimage.com/917x300,http://king-ali.com/,10,"HR Management Systems: Date: [Insert Date]

To: All Employees

From: [Insert Company Name]

Subject: HR Management Systems

As part of our continuous efforts to streamline our processes and improve efficiency, we are pleased to announce the implementation of our new HR Management Systems","{""departments"": [], ""procedures"": [], ""technologies"": [""HR Management Systems""], ""projects"": []}"
4,HR Management Systems,2023-11-02,Amanda Allen,Smith-Thomas,5644000230,en,https://dummyimage.com/917x300,http://king-ali.com/,10,"HR Management Systems: This system will serve as a centralized platform to manage all human resource functions within our company.

The HR Management Systems will replace our current manual processes and paper-based documentation, making it easier for employees to access information and for HR personnel to manage employee data","{""departments"": [], ""procedures"": [""HR Management Systems"", ""manual processes"", ""paper-based documentation""], ""technologies"": [], ""projects"": []}"
4,HR Management Systems,2023-11-02,Amanda Allen,Smith-Thomas,5644000230,en,https://dummyimage.com/917x300,http://king-ali.com/,10,"HR Management Systems: The system is designed to automate and integrate HR processes such as attendance tracking, leave management, performance evaluations, and employee records management.

Some of the key features of the HR Management Systems include:

1. Employee Self-Service Portal: This feature allows employees to view and update their personal information, request leaves, and access their payslips and other relevant documents.

2","{""departments"": [], ""procedures"": [""HR processes"", ""attendance tracking"", ""leave management"", ""performance evaluations"", ""employee records management""], ""technologies"": [""HR Management Systems"", ""Employee Self-Service Portal""], ""projects"": []}"
4,HR Management Systems,2023-11-02,Amanda Allen,Smith-Thomas,5644000230,en,https://dummyimage.com/917x300,http://king-ali.com/,10,"HR Management Systems: Attendance Tracking: The system will accurately track employee attendance and calculate working hours, making it easier for HR to manage payroll and monitor employee productivity.

3. Leave Management: Employees can easily submit leave requests through the system, and managers can efficiently approve or reject these requests with just a few clicks.

4","{""departments"": [], ""procedures"": [], ""technologies"": [""HR Management Systems""], ""projects"": []}"
4,HR Management Systems,2023-11-02,Amanda Allen,Smith-Thomas,5644000230,en,https://dummyimage.com/917x300,http://king-ali.com/,10,"HR Management Systems: Performance Evaluations: The HR Management Systems will provide a comprehensive performance evaluation module, allowing managers to conduct performance appraisals and provide feedback to their team members.

5","{""departments"": [], ""procedures"": [""performance evaluation module"", ""performance appraisals"", ""feedback""], ""technologies"": [""HR Management Systems""], ""projects"": []}"
4,HR Management Systems,2023-11-02,Amanda Allen,Smith-Thomas,5644000230,en,https://dummyimage.com/917x300,http://king-ali.com/,10,"HR Management Systems: Employee Records Management: All employee records, including personal information, employment history, and training records, will be stored and managed electronically, eliminating the need for paper-based files.

We believe that the implementation of the HR Management Systems will bring significant benefits to our company, including increased efficiency, improved accuracy, and better employee engagement","{""departments"": [], ""procedures"": [], ""technologies"": [""HR Management Systems""], ""projects"": []}"
4,HR Management Systems,2023-11-02,Amanda Allen,Smith-Thomas,5644000230,en,https://dummyimage.com/917x300,http://king-ali.com/,10,"HR Management Systems: We encourage all employees to familiarize themselves with the system and reach out to the HR department for any assistance or training required.

Thank you for your cooperation and support in this transition. We are confident that this new system will contribute to the success of our company.

Sincerely,

[Insert Name]

HR Manager, [Insert Company Name]","{""departments"": [""HR""], ""procedures"": [], ""technologies"": [""HR Management Systems""], ""projects"": []}"
5,Onboarding Processes,2023-01-17,Warren Tucker,Sanchez and Sons,2910177507,en,https://placekitten.com/952/269,https://ortiz-hernandez.com/,8,"Onboarding Processes: Date: [Insert Date]

To: All Employees

Subject: Onboarding Processes

Dear Team,

In order to ensure a smooth and efficient onboarding process for all new employees, the following guidelines have been established. These processes are applicable to all departments and levels within the company.

1. Pre-boarding:
a. Once a new employee has accepted the job offer, the HR department will send out a welcome email to the employee with all the necessary information for their first day.
b",
5,Onboarding Processes,2023-01-17,Warren Tucker,Sanchez and Sons,2910177507,en,https://placekitten.com/952/269,https://ortiz-hernandez.com/,8,"Onboarding Processes: The HR department will also provide the new employee with all the required onboarding forms and documents.
c. The employee's manager will be responsible for reaching out to the new employee to introduce themselves and provide any department-specific information.
d. The IT department will set up the necessary equipment and accounts for the new employee prior to their first day.

2. First Day:
a","{""departments"": [""HR"", ""IT""], ""procedures"": [""onboarding forms"", ""onboarding documents"", ""reaching out"", ""introduce themselves"", ""provide any department-specific information"", ""set up the necessary equipment"", ""set up the necessary accounts""], ""technologies"": [], ""projects"": []}"
5,Onboarding Processes,2023-01-17,Warren Tucker,Sanchez and Sons,2910177507,en,https://placekitten.com/952/269,https://ortiz-hernandez.com/,8,"Onboarding Processes: First Day:
a. The employee's manager will conduct an orientation session to introduce the company's values, mission, and culture.
b. The HR department will conduct an onboarding session to provide an overview of the company's policies and procedures, benefits, and employee handbook.
c. The IT department will provide a brief training on the company's technology and systems.
d. The new employee will be given a tour of the office and introduced to their team members.

3. First Week:
a","{""departments"": [""HR"", ""IT""], ""procedures"": [""onboarding session"", ""orientation session"", ""training""], ""technologies"": [""technology"", ""systems""], ""projects"": []}"
5,Onboarding Processes,2023-01-17,Warren Tucker,Sanchez and Sons,2910177507,en,https://placekitten.com/952/269,https://ortiz-hernandez.com/,8,"Onboarding Processes: First Week:
a. The employee's manager will assign a mentor or buddy to the new employee, who will be responsible for guiding them through their first week and answering any questions they may have.
b. The new employee will be given a schedule of training sessions and meetings to attend during their first week.
c. The HR department will schedule a one-on-one meeting with the new employee to discuss their goals, expectations, and any concerns they may have.

4. First Month:
a","{""departments"": [""HR""], ""procedures"": [""onboarding Processes""], ""technologies"": [], ""projects"": []}"
5,Onboarding Processes,2023-01-17,Warren Tucker,Sanchez and Sons,2910177507,en,https://placekitten.com/952/269,https://ortiz-hernandez.com/,8,"Onboarding Processes: First Month:
a. The employee's manager will conduct a performance review with the new employee to address any challenges and provide feedback on their progress.
b. The HR department will schedule a follow-up meeting with the new employee to ensure a smooth transition and address any further questions or concerns.

We hope that these processes will help our new employees feel welcomed and equipped to succeed in their roles","{""departments"": [""HR""], ""procedures"": [""Onboarding Processes"", ""performance review"", ""follow-up meeting""], ""technologies"": [], ""projects"": []}"
5,Onboarding Processes,2023-01-17,Warren Tucker,Sanchez and Sons,2910177507,en,https://placekitten.com/952/269,https://ortiz-hernandez.com/,8,"Onboarding Processes: If you have any suggestions or feedback on how we can improve our onboarding processes, please do not hesitate to reach out to the HR department.

Sincerely,

[Your Name]
HR Manager","{""departments"": [""HR""], ""procedures"": [""onboarding processes""], ""technologies"": [], ""projects"": []}"
6,New Hire Orientation,2023-12-12,Amy Pham,"Marshall, Watson and Paul",7967943304,en,https://placekitten.com/599/907,https://roy.info/,5,"New Hire Orientation: New Hire Orientation

Purpose:
The purpose of this document is to outline the guidelines and procedures for the new hire orientation process within our company. This document serves as a reference for both the Human Resources (HR) department and the new employees to ensure a smooth and successful onboarding experience.

Scope:
This document applies to all new employees hired by our company, regardless of position or department.

Responsibilities:
1",
6,New Hire Orientation,2023-12-12,Amy Pham,"Marshall, Watson and Paul",7967943304,en,https://placekitten.com/599/907,https://roy.info/,5,"New Hire Orientation: Human Resources Department:
The HR department is responsible for coordinating and conducting the new hire orientation process.
- Schedule and prepare for the orientation session.
- Ensure all necessary paperwork and documents are completed by the new hire.
- Provide an overview of the company culture, policies, and benefits.
- Introduce key members of the management team and their roles.
- Address any questions or concerns from the new hire.
- Follow up with the new hire after the orientation to ensure a",
6,New Hire Orientation,2023-12-12,Amy Pham,"Marshall, Watson and Paul",7967943304,en,https://placekitten.com/599/907,https://roy.info/,5,"New Hire Orientation: Managers/Supervisors:
Managers/supervisors play a crucial role in the orientation process by welcoming and integrating new hires into their respective teams.
- Schedule a meeting with the new hire on their first day to introduce themselves and the team.
- Provide an overview of the team's responsibilities and expectations.
- Assign a mentor or a buddy to the new hire for guidance and support.
- Ensure the new hire has the necessary resources and tools for their job.
- Check in with the new hire regularly",
6,New Hire Orientation,2023-12-12,Amy Pham,"Marshall, Watson and Paul",7967943304,en,https://placekitten.com/599/907,https://roy.info/,5,"New Hire Orientation: new hire regularly during the first few weeks to provide guidance and address any concerns.

Orientation Agenda:
The new hire orientation should cover the following topics:
- Company history, mission, and values.
- Organizational structure and key departments.
- Company policies and procedures.
- Employee benefits, such as health insurance, retirement plans, and time off.
- Safety and security protocols.
- IT policies and procedures, including email, internet, and network usage.
- Job responsibilities and",
6,New Hire Orientation,2023-12-12,Amy Pham,"Marshall, Watson and Paul",7967943304,en,https://placekitten.com/599/907,https://roy.info/,5,"New Hire Orientation: responsibilities and expectations.
- Training and development opportunities.
- Q&A session.

Orientation Materials:
The HR department will provide the new hire with the necessary materials, including:
- Employee handbook.
- Benefits enrollment forms.
- Company policies and procedures manual.
- Company organizational chart.
- Training materials.

Conclusion:
We believe that a successful orientation process is crucial for the new hire to feel welcomed and prepared for their new role within the company","{""departments"": [""HR""], ""procedures"": [""New Hire Orientation""], ""technologies"": [], ""projects"": []}"
6,New Hire Orientation,2023-12-12,Amy Pham,"Marshall, Watson and Paul",7967943304,en,https://placekitten.com/599/907,https://roy.info/,5,"New Hire Orientation: We encourage all managers and supervisors to actively participate in the orientation process and support the new hires throughout their onboarding journey. We wish our new employees a successful and rewarding career with our company.

Sincerely,

[Company Name] HR Department","{""departments"": [""HR Department""], ""procedures"": [""New Hire Orientation""], ""technologies"": [], ""projects"": []}"
7,Personnel Files Management,2023-12-14,Nathan Evans,Phillips Inc,9825861125,en,https://picsum.photos/907/713,https://coleman-anderson.com/,9,"Personnel Files Management: Personnel Files Management Guidelines

Purpose:
The purpose of this document is to establish guidelines for the management of personnel files within our company","{""departments"": [], ""procedures"": [""Personnel Files Management Guidelines""], ""technologies"": [], ""projects"": []}"
7,Personnel Files Management,2023-12-14,Nathan Evans,Phillips Inc,9825861125,en,https://picsum.photos/907/713,https://coleman-anderson.com/,9,"Personnel Files Management: It is important to maintain accurate and up-to-date personnel records for all employees in order to ensure compliance with legal requirements and to effectively manage our human resources.

Scope:
This document applies to all employees, managers, and HR personnel responsible for the maintenance and access of personnel files within our company.

Responsibilities:
1. HR Personnel:
a. HR personnel are responsible for creating and maintaining personnel files for all employees.
b","{""departments"": [], ""procedures"": [], ""technologies"": [], ""projects"": []}"
7,Personnel Files Management,2023-12-14,Nathan Evans,Phillips Inc,9825861125,en,https://picsum.photos/907/713,https://coleman-anderson.com/,9,"Personnel Files Management: They should ensure that all necessary documents are included in each employee's file, including but not limited to:
- Employment contract
- Resume/CV
- Performance evaluations
- Salary and benefits information
- Training and development records
- Disciplinary actions
- Benefits enrollment forms
- Leave of absence requests
- Termination documents
c. HR personnel should also regularly review and update employee files as needed.

2. Managers:
a","{""departments"": [""HR""], ""procedures"": [""Personnel Files Management""], ""technologies"": [], ""projects"": []}"
7,Personnel Files Management,2023-12-14,Nathan Evans,Phillips Inc,9825861125,en,https://picsum.photos/907/713,https://coleman-anderson.com/,9,"Personnel Files Management: Managers:
a. Managers are responsible for providing HR personnel with any necessary documentation related to their employees, such as performance evaluations and disciplinary actions.
b. They should also communicate any changes in an employee's status, such as promotions, transfers, or terminations, to HR personnel in a timely manner.

3. Employees:
a. Employees have the right to access their own personnel file upon request.
b","{""departments"": [], ""procedures"": [""Personnel Files Management""], ""technologies"": [], ""projects"": []}"
7,Personnel Files Management,2023-12-14,Nathan Evans,Phillips Inc,9825861125,en,https://picsum.photos/907/713,https://coleman-anderson.com/,9,"Personnel Files Management: They should inform HR personnel of any changes in personal information, such as address or emergency contacts.
c. Employees should also review their personnel file regularly to ensure accuracy.

Confidentiality:
All personnel files should be treated as confidential and access should be limited to authorized personnel only","{""departments"": [""HR""], ""procedures"": [""Personnel Files Management""], ""technologies"": [], ""projects"": []}"
7,Personnel Files Management,2023-12-14,Nathan Evans,Phillips Inc,9825861125,en,https://picsum.photos/907/713,https://coleman-anderson.com/,9,"Personnel Files Management: HR personnel should ensure that employee information is not disclosed to unauthorized individuals.

Retention:
Personnel files should be retained for a minimum of 7 years after an employee's termination date. After this period, files may be securely destroyed.

Conclusion:
Effective management of personnel files is crucial in maintaining a well-functioning and compliant workplace",
7,Personnel Files Management,2023-12-14,Nathan Evans,Phillips Inc,9825861125,en,https://picsum.photos/907/713,https://coleman-anderson.com/,9,"Personnel Files Management: It is the responsibility of all employees to adhere to these guidelines in order to ensure the accuracy, confidentiality, and proper retention of personnel records. Any questions or concerns regarding personnel files should be directed to the HR department.","{""departments"": [""HR""], ""procedures"": [""Personnel Files Management""], ""technologies"": [], ""projects"": []}"
8,Compliance Training,2024-04-22,Colleen Hampton,Mata Group,9058286412,en,https://picsum.photos/407/849,https://www.page.com/,9,"Compliance Training: Company Name: ABC Corporation
Document Title: Compliance Training Guidelines and Procedures

Introduction:
At ABC Corporation, we prioritize ethical and legal compliance in all aspects of our business operations. In order to ensure that all employees are aware of their responsibilities and obligations, we have implemented a comprehensive Compliance Training program","{""departments"": [], ""procedures"": [""Compliance Training""], ""technologies"": [], ""projects"": []}"
8,Compliance Training,2024-04-22,Colleen Hampton,Mata Group,9058286412,en,https://picsum.photos/407/849,https://www.page.com/,9,"Compliance Training: This document outlines the guidelines and procedures for conducting compliance training within our company.

Objective:
The objective of compliance training at ABC Corporation is to educate employees on the laws, regulations, and company policies that govern our business practices","{""departments"": [], ""procedures"": [""compliance training"", ""conducting compliance training""], ""technologies"": [], ""projects"": [""ABC Corporation""]}"
8,Compliance Training,2024-04-22,Colleen Hampton,Mata Group,9058286412,en,https://picsum.photos/407/849,https://www.page.com/,9,"Compliance Training: This training aims to promote a culture of compliance and ethical behavior, reduce the risk of legal and regulatory violations, and protect the company's reputation.

Training Content:
The compliance training program covers a wide range of topics, including but not limited to:
1. Anti-bribery and anti-corruption laws
2. Code of Conduct
3. Insider trading
4. Discrimination and harassment
5. Data privacy and security
6. Environmental and safety regulations
7. Conflict of interest
8. Intellectual property
9","{""departments"": [], ""procedures"": [""compliance training"", ""compliance training program""], ""technologies"": [], ""projects"": []}"
8,Compliance Training,2024-04-22,Colleen Hampton,Mata Group,9058286412,en,https://picsum.photos/407/849,https://www.page.com/,9,"Compliance Training: Financial reporting and accounting
10. Government contracting
11. Export controls and sanctions
12. Whistleblower policies
13. Social media policies
14. Cybersecurity awareness
15. Protection of confidential information
16. Trade secrets
17. Third-party due diligence
18. Ethics and compliance reporting procedures

Training Methods:
The compliance training will be conducted through various methods, including but not limited to:
1. In-person training sessions
2. Online training modules
3. Webinars
4",
8,Compliance Training,2024-04-22,Colleen Hampton,Mata Group,9058286412,en,https://picsum.photos/407/849,https://www.page.com/,9,"Compliance Training: Webinars
4. Role-playing scenarios
5. Case studies
6. Quizzes and assessments

Training Schedule:
All new employees will be required to complete compliance training within their first month of employment. Refresher training will be conducted annually for all employees","{""departments"": [], ""procedures"": [""Compliance Training"", ""Webinars"", ""Role-playing scenarios"", ""Case studies"", ""Quizzes and assessments"", ""Training Schedule"", ""Refresher training""], ""technologies"": [], ""projects"": []}"
8,Compliance Training,2024-04-22,Colleen Hampton,Mata Group,9058286412,en,https://picsum.photos/407/849,https://www.page.com/,9,"Compliance Training: In addition, targeted training sessions may be conducted for specific departments or job roles based on their compliance risks.

Responsibilities:
Human Resources department will be responsible for coordinating and scheduling compliance training sessions. Department heads are responsible for ensuring that all employees under their supervision participate in the training","{""departments"": [""Human Resources"", ""Department heads""], ""procedures"": [""compliance training"", ""targeted training sessions""], ""technologies"": [], ""projects"": []}"
8,Compliance Training,2024-04-22,Colleen Hampton,Mata Group,9058286412,en,https://picsum.photos/407/849,https://www.page.com/,9,"Compliance Training: Compliance trainers will be responsible for delivering the training content in an engaging and effective manner.

Assessment:
At the end of each training session, employees will be required to complete an assessment to evaluate their understanding of the training material. A minimum passing score of 80% is required",
8,Compliance Training,2024-04-22,Colleen Hampton,Mata Group,9058286412,en,https://picsum.photos/407/849,https://www.page.com/,9,"Compliance Training: Employees who do not meet this requirement will be required to retake the training.

Record Keeping:
Human Resources department will maintain records of compliance training completion for all employees. These records will be kept confidential and will be made available to relevant authorities upon request.

Conclusion:
Compliance training is an integral part of our company's commitment to ethical and legal behavior",
8,Compliance Training,2024-04-22,Colleen Hampton,Mata Group,9058286412,en,https://picsum.photos/407/849,https://www.page.com/,9,Compliance Training: It is the responsibility of every employee to participate in and adhere to the training guidelines and procedures outlined in this document. Let us all work together to uphold the highest standards of compliance at ABC Corporation.,"{""departments"": [], ""procedures"": [""training guidelines"", ""procedures outlined in this document""], ""technologies"": [], ""projects"": []}"
9,Workplace Safety Procedures,2023-10-24,David Carter,Wilson-Johnson,5632315866,en,https://placekitten.com/732/550,https://bass.com/,9,"Workplace Safety Procedures: WORKPLACE SAFETY PROCEDURES

Effective Date: [Insert Date]

Purpose:

The purpose of this document is to outline the workplace safety procedures that must be followed by all employees of [Company Name]. These procedures are designed to ensure the safety and well-being of all individuals within the workplace and to prevent any accidents or injuries.

Scope:

This document applies to all employees, contractors, and visitors of [Company Name] who are present within the workplace premises.

Responsibilities:

1",
9,Workplace Safety Procedures,2023-10-24,David Carter,Wilson-Johnson,5632315866,en,https://placekitten.com/732/550,https://bass.com/,9,"Workplace Safety Procedures: Management: It is the responsibility of the management to ensure that all necessary safety measures are in place and that all employees are trained on workplace safety procedures. Management is also responsible for conducting regular safety audits and addressing any safety concerns raised by employees.

2. Employees: All employees are expected to adhere to the workplace safety procedures outlined in this document","{""departments"": [], ""procedures"": [""Workplace Safety Procedures"", ""safety measures"", ""workplace safety procedures"", ""safety audits"", ""safety concerns""], ""technologies"": [], ""projects"": []}"
9,Workplace Safety Procedures,2023-10-24,David Carter,Wilson-Johnson,5632315866,en,https://placekitten.com/732/550,https://bass.com/,9,"Workplace Safety Procedures: They are also responsible for reporting any safety hazards or incidents to their supervisor or the designated safety officer.

General Safety Procedures:

1. Personal Protective Equipment (PPE): Employees are required to wear appropriate PPE, such as hard hats, safety glasses, and steel-toed shoes, when working in areas where there is a risk of injury.

2. Fire Safety: All employees must know the location of fire exits, fire extinguishers, and emergency assembly points",
9,Workplace Safety Procedures,2023-10-24,David Carter,Wilson-Johnson,5632315866,en,https://placekitten.com/732/550,https://bass.com/,9,"Workplace Safety Procedures: In case of a fire, employees must evacuate the building immediately and follow designated evacuation routes.

3. Hazardous Materials: Employees must be trained on the proper handling and storage of hazardous materials. All hazardous materials must be clearly labeled and stored in designated areas.

4. Electrical Safety: Only authorized personnel are allowed to handle electrical equipment. Employees must report any faulty equipment or exposed wiring to the designated safety officer.

5","{""departments"": [], ""procedures"": [""Workplace Safety Procedures"", ""Hazardous Materials"", ""Electrical Safety""], ""technologies"": [], ""projects"": []}"
9,Workplace Safety Procedures,2023-10-24,David Carter,Wilson-Johnson,5632315866,en,https://placekitten.com/732/550,https://bass.com/,9,"Workplace Safety Procedures: Ergonomics: Employees must maintain good posture and take regular breaks to prevent musculoskeletal disorders. Ergonomic assessments will also be conducted periodically to ensure a safe and comfortable working environment.

Incident Reporting and Investigation:

All workplace incidents, including near misses, must be reported to the designated safety officer immediately",
9,Workplace Safety Procedures,2023-10-24,David Carter,Wilson-Johnson,5632315866,en,https://placekitten.com/732/550,https://bass.com/,9,"Workplace Safety Procedures: An investigation will be conducted to determine the cause of the incident and to prevent similar incidents from occurring in the future.

Training and Education:

All employees will receive training on workplace safety procedures during their orientation and as part of their annual refresher training. Additional training will be provided as needed.

Conclusion:

The safety and well-being of our employees is of utmost importance to us","{""departments"": [], ""procedures"": [""workplace safety procedures"", ""incident"", ""prevent similar incidents"", ""training on workplace safety procedures"", ""orientation"", ""annual refresher training"", ""safety and well-being of our employees""], ""technologies"": [], ""projects"": []}"
9,Workplace Safety Procedures,2023-10-24,David Carter,Wilson-Johnson,5632315866,en,https://placekitten.com/732/550,https://bass.com/,9,"Workplace Safety Procedures: It is the responsibility of every individual within the workplace to follow these safety procedures and to report any safety concerns. By working together, we can create a safe and healthy work environment for everyone.","{""departments"": [], ""procedures"": [""Workplace Safety Procedures"", ""safety procedures""], ""technologies"": [], ""projects"": []}"
10,Performance Evaluation Systems,2022-11-14,Martha Jackson,Bradshaw-Browning,5346207284,en,https://dummyimage.com/885x459,https://www.thompson-williams.net/,1,"Performance Evaluation Systems: Performance Evaluation Systems
Administrative Document

Introduction:
Performance evaluation is a critical process in any organization, as it helps in assessing the progress and efficiency of employees. A well-structured performance evaluation system not only benefits the employees but also the company as a whole","{""departments"": [], ""procedures"": [""Performance Evaluation Systems""], ""technologies"": [], ""projects"": []}"
10,Performance Evaluation Systems,2022-11-14,Martha Jackson,Bradshaw-Browning,5346207284,en,https://dummyimage.com/885x459,https://www.thompson-williams.net/,1,"Performance Evaluation Systems: It provides valuable insights into the individual and collective performance of employees, which can be used to make informed decisions for the growth and development of the company.

Purpose:
The purpose of this document is to outline the performance evaluation system that will be implemented in our company","{""departments"": [], ""procedures"": [""performance evaluation system""], ""technologies"": [], ""projects"": []}"
10,Performance Evaluation Systems,2022-11-14,Martha Jackson,Bradshaw-Browning,5346207284,en,https://dummyimage.com/885x459,https://www.thompson-williams.net/,1,"Performance Evaluation Systems: It will serve as a guide for managers and employees to understand the process and expectations of the performance evaluation system.

Performance Evaluation System:
Our performance evaluation system will be a combination of both qualitative and quantitative measures. It will be a continuous process throughout the year, rather than a one-time event. The system will focus on the following key areas:

1","{""departments"": [], ""procedures"": [""Performance Evaluation Systems"", ""performance evaluation system""], ""technologies"": [], ""projects"": []}"
10,Performance Evaluation Systems,2022-11-14,Martha Jackson,Bradshaw-Browning,5346207284,en,https://dummyimage.com/885x459,https://www.thompson-williams.net/,1,"Performance Evaluation Systems: Goal Setting: Employees will be required to set SMART (Specific, Measurable, Achievable, Relevant, Time-bound) goals at the beginning of each year. These goals will serve as a roadmap for their performance evaluation.

2. Regular Feedback: Managers will provide regular feedback to employees on their progress towards achieving their goals. This will help in identifying any gaps and taking corrective measures in a timely manner.

3","{""departments"": [], ""procedures"": [], ""technologies"": [], ""projects"": [""Performance Evaluation Systems"", ""Goal Setting"", ""SMART"", ""Regular Feedback"", ""Managers"", ""Employees"", ""Progress"", ""Gaps"", ""Corrective Measures""]}"
10,Performance Evaluation Systems,2022-11-14,Martha Jackson,Bradshaw-Browning,5346207284,en,https://dummyimage.com/885x459,https://www.thompson-williams.net/,1,"Performance Evaluation Systems: Self-Evaluation: Employees will be given the opportunity to evaluate their own performance, highlighting their achievements, challenges, and areas of improvement.

4. Peer Evaluation: Colleagues will also be involved in the evaluation process, providing feedback on the employee's performance and contribution to team projects.

5. Performance Appraisal: At the end of the year, a formal performance appraisal will be conducted by the manager, taking into account all the above factors","{""departments"": [], ""procedures"": [""Performance Evaluation Systems"", ""Self-Evaluation"", ""Peer Evaluation"", ""Performance Appraisal""], ""technologies"": [], ""projects"": []}"
10,Performance Evaluation Systems,2022-11-14,Martha Jackson,Bradshaw-Browning,5346207284,en,https://dummyimage.com/885x459,https://www.thompson-williams.net/,1,"Performance Evaluation Systems: The appraisal will be based on the employee's performance against their set goals, feedback from the manager, self-evaluation, and peer evaluation.

Benefits:
The implementation of this performance evaluation system will bring several benefits to the company, including:

1. Improved Performance: The continuous evaluation and feedback will help employees to stay focused and motivated, leading to improved performance.

2","{""departments"": [], ""procedures"": [""Performance Evaluation Systems"", ""appraisal"", ""feedback from the manager"", ""self-evaluation"", ""peer evaluation""], ""technologies"": [], ""projects"": []}"
10,Performance Evaluation Systems,2022-11-14,Martha Jackson,Bradshaw-Browning,5346207284,en,https://dummyimage.com/885x459,https://www.thompson-williams.net/,1,"Performance Evaluation Systems: Development Opportunities: The evaluation system will identify areas of improvement for employees, providing them with development opportunities to enhance their skills and knowledge.

3","{""departments"": [], ""procedures"": [""Performance Evaluation Systems""], ""technologies"": [], ""projects"": [""development opportunities""]}"
10,Performance Evaluation Systems,2022-11-14,Martha Jackson,Bradshaw-Browning,5346207284,en,https://dummyimage.com/885x459,https://www.thompson-williams.net/,1,"Performance Evaluation Systems: Fairness and Transparency: The combination of multiple evaluation methods will ensure a fair and transparent process, promoting a culture of trust and honesty within the company.

Conclusion:
In conclusion, the performance evaluation system outlined in this document will serve as a tool for continuous improvement and development of our employees. It will not only benefit the employees but also contribute to the overall growth and success of our company",
10,Performance Evaluation Systems,2022-11-14,Martha Jackson,Bradshaw-Browning,5346207284,en,https://dummyimage.com/885x459,https://www.thompson-williams.net/,1,Performance Evaluation Systems: We urge all managers and employees to embrace this system and work together towards achieving our goals.,"{""departments"": [], ""procedures"": [], ""technologies"": [""Performance Evaluation Systems""], ""projects"": []}"
11,Benefits Administration,2024-01-31,Susan Hughes,"Patterson, Freeman and Marks",2640696840,en,https://picsum.photos/559/593,https://booth-reed.com/,10,"Benefits Administration: Benefits Administration Document

Purpose:
The purpose of this document is to outline the procedures and policies for benefits administration within our company. This document will serve as a guide for all employees and will ensure that all benefits are administered in a fair and consistent manner.

Scope:
This document applies to all full-time, part-time, and contract employees of our company.

Benefits Overview:
Our company offers a comprehensive benefits package to all employees",
11,Benefits Administration,2024-01-31,Susan Hughes,"Patterson, Freeman and Marks",2640696840,en,https://picsum.photos/559/593,https://booth-reed.com/,10,"Benefits Administration: This includes health insurance, dental insurance, vision insurance, life insurance, disability insurance, retirement plans, and paid time off.

Eligibility:
All full-time employees are eligible for benefits after completing 90 days of employment. Part-time employees who work at least 20 hours per week are also eligible for benefits after completing 90 days of employment","{""departments"": [], ""procedures"": [""Benefits Administration"", ""Eligibility""], ""technologies"": [], ""projects"": []}"
11,Benefits Administration,2024-01-31,Susan Hughes,"Patterson, Freeman and Marks",2640696840,en,https://picsum.photos/559/593,https://booth-reed.com/,10,"Benefits Administration: Contract employees are not eligible for benefits unless specified in their contract.

Enrollment:
Employees must enroll in benefits within 30 days of their hire date. Failure to do so will result in a delay of coverage until the next open enrollment period. Changes to benefits can only be made during open enrollment, unless there is a qualifying life event such as marriage, birth of a child, or loss of coverage through a spouse's plan.

Cost:
Our company covers a portion of the cost for employee benefits",
11,Benefits Administration,2024-01-31,Susan Hughes,"Patterson, Freeman and Marks",2640696840,en,https://picsum.photos/559/593,https://booth-reed.com/,10,"Benefits Administration: The remaining cost is deducted from the employee's paycheck on a pre-tax basis.

Health Insurance:
Our company offers a choice of health insurance plans from different providers. Employees can select the plan that best suits their needs. The cost of health insurance will vary based on the selected plan and coverage level.

Dental and Vision Insurance:
Our company also offers dental and vision insurance plans to employees",
11,Benefits Administration,2024-01-31,Susan Hughes,"Patterson, Freeman and Marks",2640696840,en,https://picsum.photos/559/593,https://booth-reed.com/,10,"Benefits Administration: The cost for these plans is also deducted from the employee's paycheck on a pre-tax basis.

Life and Disability Insurance:
Our company provides life and disability insurance to all employees at no cost. These insurance plans offer financial protection in the event of death or disability.

Retirement Plans:
Our company offers a 401(k) retirement plan to all employees. Employees can contribute a percentage of their salary to the plan, and the company will match a portion of their contributions",
11,Benefits Administration,2024-01-31,Susan Hughes,"Patterson, Freeman and Marks",2640696840,en,https://picsum.photos/559/593,https://booth-reed.com/,10,"Benefits Administration: Employees are eligible for the company match after completing one year of employment.

Paid Time Off:
Our company values work-life balance and offers paid time off to all employees. The amount of paid time off granted will vary based on the employee's length of service.

Conclusion:
It is the responsibility of all employees to familiarize themselves with the benefits offered by our company. Any questions or concerns regarding benefits administration should be directed to the HR department","{""departments"": [""HR""], ""procedures"": [""benefits administration""], ""technologies"": [], ""projects"": []}"
11,Benefits Administration,2024-01-31,Susan Hughes,"Patterson, Freeman and Marks",2640696840,en,https://picsum.photos/559/593,https://booth-reed.com/,10,Benefits Administration: We strive to provide our employees with a competitive and comprehensive benefits package and will continue to review and update our policies to ensure the well-being of our employees.,"{""departments"": [], ""procedures"": [""Benefits Administration"", ""review and update our policies""], ""technologies"": [], ""projects"": []}"
12,Time and Attendance Management,2022-09-24,Mike Miller,"Higgins, Green and Chang",3360395245,en,https://placekitten.com/235/638,http://davis.com/,1,"Time and Attendance Management: [Company Logo]

TIME AND ATTENDANCE MANAGEMENT

Effective management of time and attendance is crucial for the smooth and efficient functioning of our company. In order to ensure accuracy and fairness in recording and monitoring employee working hours, we have implemented a time and attendance management system.

The purpose of this document is to provide guidelines and procedures for all employees to follow in regards to time and attendance management.

1","{""departments"": [], ""procedures"": [""time and attendance management system""], ""technologies"": [], ""projects"": []}"
12,Time and Attendance Management,2022-09-24,Mike Miller,"Higgins, Green and Chang",3360395245,en,https://placekitten.com/235/638,http://davis.com/,1,"Time and Attendance Management: Working Hours
Our company's standard working hours are from [insert start time] to [insert end time]. Employees are expected to be present and ready to work during these hours. Any changes to the standard working hours must be approved by the respective department head and HR.

2. Recording of Time
All employees are required to use the designated time and attendance system to record their working hours. This system will accurately track and record the time of arrival, breaks, and departure for each employee","{""departments"": [""HR""], ""procedures"": [""standard working hours"", ""designated time and attendance system""], ""technologies"": [], ""projects"": []}"
12,Time and Attendance Management,2022-09-24,Mike Miller,"Higgins, Green and Chang",3360395245,en,https://placekitten.com/235/638,http://davis.com/,1,"Time and Attendance Management: Any discrepancies or errors must be immediately reported to the HR department.

3. Punctuality
Punctuality is a key factor in maintaining a productive work environment. Employees are expected to arrive to work on time and adhere to their designated break schedules. In case of any unforeseen circumstances, employees must inform their respective department head and HR in advance.

4. Overtime
Overtime work may be required in certain situations",
12,Time and Attendance Management,2022-09-24,Mike Miller,"Higgins, Green and Chang",3360395245,en,https://placekitten.com/235/638,http://davis.com/,1,"Time and Attendance Management: However, it must be approved by the respective department head and HR in advance. All overtime hours must be recorded accurately and will be compensated according to the company's policies.

5. Absenteeism and Leave
Employees must inform their respective department head and HR in advance in case of any planned leave or absence from work. In case of unforeseen circumstances such as illness or emergencies, employees must notify their department head and HR as soon as possible.

6","{""departments"": [""HR""], ""procedures"": [""Time and Attendance Management"", ""Absenteeism and Leave""], ""technologies"": [], ""projects"": []}"
12,Time and Attendance Management,2022-09-24,Mike Miller,"Higgins, Green and Chang",3360395245,en,https://placekitten.com/235/638,http://davis.com/,1,"Time and Attendance Management: Monitoring and Reporting
The HR department will regularly monitor and review the time and attendance records of all employees. Any discrepancies or violations of the company's time and attendance policies will be addressed accordingly.

7","{""departments"": [""HR""], ""procedures"": [""time and attendance records"", ""time and attendance policies""], ""technologies"": [], ""projects"": []}"
12,Time and Attendance Management,2022-09-24,Mike Miller,"Higgins, Green and Chang",3360395245,en,https://placekitten.com/235/638,http://davis.com/,1,"Time and Attendance Management: Consequences of Non-Compliance
Failure to comply with the time and attendance policies may result in disciplinary action, which may include warnings, salary deductions, and even termination of employment.

We believe that effective time and attendance management is essential for the success of our company. We expect all employees to adhere to these guidelines and policies to ensure fairness and efficiency in the workplace.

Thank you for your cooperation.

[Company Name]",
13,Employee Recognition Programs,2023-03-11,Connor Collins,Miller LLC,4406538911,en,https://dummyimage.com/589x640,https://kelley.com/,8,"Employee Recognition Programs: Employee Recognition Programs
Administrative Document

Date: [Insert Date]
To: All Employees

Subject: Employee Recognition Programs

Dear Employees,

We are pleased to announce the implementation of our new Employee Recognition Programs, aimed at acknowledging and appreciating the hard work and dedication of our employees","{""departments"": [], ""procedures"": [], ""technologies"": [""Employee Recognition Programs""], ""projects"": [""Employee Recognition Programs""]}"
13,Employee Recognition Programs,2023-03-11,Connor Collins,Miller LLC,4406538911,en,https://dummyimage.com/589x640,https://kelley.com/,8,"Employee Recognition Programs: We strongly believe that recognition is a key factor in motivating and retaining our valuable employees, and these programs are a way for us to show our gratitude for your contributions to the company's success.

The Employee Recognition Programs consist of three main components:

1. Employee of the Month:
This program will recognize one outstanding employee each month who has consistently demonstrated exceptional performance and commitment to their work","{""departments"": [], ""procedures"": [""Employee Recognition Programs""], ""technologies"": [], ""projects"": [""Employee of the Month""]}"
13,Employee Recognition Programs,2023-03-11,Connor Collins,Miller LLC,4406538911,en,https://dummyimage.com/589x640,https://kelley.com/,8,"Employee Recognition Programs: The chosen employee will receive a certificate of recognition, a gift card, and a prime parking spot for the entire month.

2. Quarterly Awards:
At the end of each quarter, we will be awarding three employees for their outstanding achievements. These awards will be based on various criteria such as innovative ideas, teamwork, and exceptional customer service. The winners will be rewarded with a cash prize, a trophy, and a mention in the company newsletter.

3","{""departments"": [], ""procedures"": [""Employee Recognition Programs"", ""Quarterly Awards""], ""technologies"": [], ""projects"": []}"
13,Employee Recognition Programs,2023-03-11,Connor Collins,Miller LLC,4406538911,en,https://dummyimage.com/589x640,https://kelley.com/,8,"Employee Recognition Programs: Long Service Awards:
We value the loyalty and commitment of our long-serving employees, and we want to acknowledge their dedication to the company. Therefore, we will be presenting Long Service Awards to those employees who have completed 5, 10, 15, 20, and 25 years of service","{""departments"": [], ""procedures"": [""Long Service Awards""], ""technologies"": [], ""projects"": [""Employee Recognition Programs""]}"
13,Employee Recognition Programs,2023-03-11,Connor Collins,Miller LLC,4406538911,en,https://dummyimage.com/589x640,https://kelley.com/,8,"Employee Recognition Programs: These employees will receive a personalized gift, a certificate, and a special mention during our annual company meeting.

We believe that these Employee Recognition Programs will not only boost employee morale but also create a positive and inclusive work culture. We encourage all employees to participate and nominate their colleagues for these awards",
13,Employee Recognition Programs,2023-03-11,Connor Collins,Miller LLC,4406538911,en,https://dummyimage.com/589x640,https://kelley.com/,8,"Employee Recognition Programs: The nomination process will be communicated to you in the coming days.

We are committed to recognizing and appreciating our employees' hard work and contributions to the company's growth. We hope that these programs will motivate you to continue to strive for excellence and contribute towards our collective success.

Thank you for your continuous support and dedication.

Sincerely,

[Your Name]
[Designation]
[Company Name]",
14,Communication Channels,2022-07-06,Sarah Jackson,Fleming-Adams,5741425636,en,https://placekitten.com/55/410,http://www.sanchez.com/,5,"Communication Channels: Communication Channels Policy

Purpose:

The purpose of this policy is to establish guidelines for effective communication channels within our company. Effective communication is essential for the success of our organization and this policy aims to ensure that all employees have access to appropriate channels for communication.

Scope:

This policy applies to all employees, contractors, and third-party individuals who conduct business on behalf of our company.

Policy:

1. Communication Channels:
a","{""departments"": [], ""procedures"": [""Communication Channels Policy""], ""technologies"": [], ""projects"": []}"
14,Communication Channels,2022-07-06,Sarah Jackson,Fleming-Adams,5741425636,en,https://placekitten.com/55/410,http://www.sanchez.com/,5,"Communication Channels: Email: Email is the primary mode of communication within our company. All employees are expected to regularly check and respond to emails in a timely manner.
b. In-person: Face-to-face communication is encouraged for important matters that require immediate attention or for building strong relationships within the company.
c. Phone: Phone calls should be used for urgent matters or when face-to-face communication is not possible.
d","{""departments"": [], ""procedures"": [], ""technologies"": [""Email"", ""Face-to-face communication"", ""Phone calls""], ""projects"": []}"
14,Communication Channels,2022-07-06,Sarah Jackson,Fleming-Adams,5741425636,en,https://placekitten.com/55/410,http://www.sanchez.com/,5,"Communication Channels: Instant messaging: Instant messaging can be used for quick and informal communication among team members.
e. Company Intranet: Our company intranet serves as a platform for sharing important announcements, updates, and documents.
f. Meetings: Regular team meetings and departmental meetings should be scheduled to discuss important matters and to ensure effective communication among team members.
g","{""departments"": [], ""procedures"": [], ""technologies"": [""Instant messaging"", ""Company Intranet""], ""projects"": []}"
14,Communication Channels,2022-07-06,Sarah Jackson,Fleming-Adams,5741425636,en,https://placekitten.com/55/410,http://www.sanchez.com/,5,"Communication Channels: Social media: The use of social media for business purposes should be approved by the management team and should follow the company's social media policy.

2. Guidelines for Effective Communication:
a. Use clear and concise language: All communication should be easy to understand and should avoid technical jargon or complicated language.
b. Be professional: All communication, whether written or verbal, should be professional and respectful.
c","{""departments"": [], ""procedures"": [""company's social media policy"", ""Guidelines for Effective Communication""], ""technologies"": [""social media""], ""projects"": []}"
14,Communication Channels,2022-07-06,Sarah Jackson,Fleming-Adams,5741425636,en,https://placekitten.com/55/410,http://www.sanchez.com/,5,"Communication Channels: Use appropriate tone: The tone of communication should be polite and friendly, avoiding any aggressive or confrontational language.
d. Use proper grammar and spelling: All written communication should adhere to proper grammar and spelling to maintain a professional image.
e. Respond in a timely manner: Employees should respond to emails, messages, and phone calls in a timely manner, within 24 hours or as per the urgency of the matter.
f","{""departments"": [], ""procedures"": [], ""technologies"": [], ""projects"": []}"
14,Communication Channels,2022-07-06,Sarah Jackson,Fleming-Adams,5741425636,en,https://placekitten.com/55/410,http://www.sanchez.com/,5,"Communication Channels: Use appropriate channels: Employees should use the appropriate communication channel depending on the nature and urgency of the message.
g. Use subject lines and proper formatting: All emails and messages should have a clear subject line and should be formatted properly for easy reading.
h. Respect confidentiality: Confidential information should only be communicated through secure channels and should not be shared with unauthorized individuals.

3","{""departments"": [], ""procedures"": [""Communication Channels"", ""Use appropriate channels"", ""Use subject lines and proper formatting"", ""Respect confidentiality""], ""technologies"": [], ""projects"": []}"
14,Communication Channels,2022-07-06,Sarah Jackson,Fleming-Adams,5741425636,en,https://placekitten.com/55/410,http://www.sanchez.com/,5,"Communication Channels: Monitoring:
The company reserves the right to monitor all communication channels to ensure compliance with this policy and to protect the company's interests.

4. Consequences of Non-Compliance:
Failure to comply with this policy may result in disciplinary action, up to and including termination of employment.

5","{""departments"": [], ""procedures"": [""Communication Channels"", ""Monitoring"", ""Consequences of Non-Compliance""], ""technologies"": [], ""projects"": []}"
14,Communication Channels,2022-07-06,Sarah Jackson,Fleming-Adams,5741425636,en,https://placekitten.com/55/410,http://www.sanchez.com/,5,"Communication Channels: Review and Update:
This policy will be reviewed and updated as needed to ensure its effectiveness and relevance to the company's communication needs.

Conclusion:

Effective communication is vital for the success of our company. By following this policy, we aim to create a transparent and efficient communication system that will foster collaboration, productivity, and a positive work environment",
14,Communication Channels,2022-07-06,Sarah Jackson,Fleming-Adams,5741425636,en,https://placekitten.com/55/410,http://www.sanchez.com/,5,Communication Channels: All employees are expected to adhere to this policy and contribute to maintaining effective communication channels within our organization.,"{""departments"": [], ""procedures"": [], ""technologies"": [], ""projects"": [""effective communication channels""]}"
15,Workforce Planning,2024-04-21,Michael Rios,"Smith, Rodriguez and Matthews",7297106292,en,https://picsum.photos/255/144,http://www.johnson.info/,7,"Workforce Planning: To: All Department Heads at XYZ Company
From: Human Resources Department
Date: September 1, 2021
Subject: Workforce Planning

Dear Department Heads,

As we enter the last quarter of the year, it is the perfect time to review and update our company's workforce planning strategies",
15,Workforce Planning,2024-04-21,Michael Rios,"Smith, Rodriguez and Matthews",7297106292,en,https://picsum.photos/255/144,http://www.johnson.info/,7,"Workforce Planning: Workforce planning is a crucial aspect of any successful organization and helps us align our human resources with our business goals.

The purpose of this memo is to provide guidance and resources for effective workforce planning within your respective departments. Please take the time to review and implement the following steps:

1. Assess Current Workforce: The first step in effective workforce planning is understanding the current state of our workforce","{""departments"": [], ""procedures"": [""Workforce Planning"", ""workforce planning"", ""human resources"", ""business goals"", ""workforce planning within your respective departments"", ""Assess Current Workforce"", ""effective workforce planning"", ""understanding the current state of our workforce""], ""technologies"": [], ""projects"": []}"
15,Workforce Planning,2024-04-21,Michael Rios,"Smith, Rodriguez and Matthews",7297106292,en,https://picsum.photos/255/144,http://www.johnson.info/,7,"Workforce Planning: Please review your department's current staff, their roles, and responsibilities, as well as any upcoming changes or vacancies.

2. Identify Future Needs: Based on your department's goals and objectives, identify any future workforce needs. This could include expanding or restructuring teams, creating new positions, or hiring new talent.

3. Analyze Skills and Competencies: It is essential to assess the skills and competencies of our current workforce and identify any gaps",
15,Workforce Planning,2024-04-21,Michael Rios,"Smith, Rodriguez and Matthews",7297106292,en,https://picsum.photos/255/144,http://www.johnson.info/,7,"Workforce Planning: This will help us determine if we have the necessary skills to meet future business needs or if we need to invest in training and development.

4. Develop Action Plans: Based on the information gathered from the previous steps, develop action plans to address any workforce gaps. This could include recruitment strategies, training and development programs, or succession planning.

5. Monitor and Review: Workforce planning is an ongoing process, and it is crucial to monitor and review our strategies regularly",
15,Workforce Planning,2024-04-21,Michael Rios,"Smith, Rodriguez and Matthews",7297106292,en,https://picsum.photos/255/144,http://www.johnson.info/,7,"Workforce Planning: This will allow us to make any necessary adjustments and ensure we are aligned with the company's overall goals.

We understand that workforce planning can be a complex and time-consuming task, but it is essential for the success of our company. We encourage open communication and collaboration between departments to ensure a cohesive and effective workforce planning process.

Please feel free to reach out to the Human Resources Department for any support or guidance throughout this process","{""departments"": [""Human Resources""], ""procedures"": [""workforce planning""], ""technologies"": [], ""projects"": []}"
15,Workforce Planning,2024-04-21,Michael Rios,"Smith, Rodriguez and Matthews",7297106292,en,https://picsum.photos/255/144,http://www.johnson.info/,7,"Workforce Planning: Let us work together to build a strong and capable workforce for the future success of XYZ Company.

Sincerely,
[Your Name]
Human Resources Department","{""departments"": [""Human Resources Department""], ""procedures"": [""Workforce Planning""], ""technologies"": [], ""projects"": [""build a strong and capable workforce for the future success of XYZ Company""]}"
16,Diversity and Inclusion Initiatives,2024-01-01,Susan Vega,"Anderson, Mason and Warren",9047011157,en,https://placekitten.com/919/931,http://powell.com/,6,"Diversity and Inclusion Initiatives: Title: Diversity and Inclusion Initiatives at XYZ Company

Introduction:
Diversity and inclusion have become integral parts of the workplace in today's globalized world. At XYZ Company, we recognize the importance of fostering a diverse and inclusive environment for our employees. We believe that by embracing diversity, we can unlock the full potential of our workforce and create a more innovative and successful company",
16,Diversity and Inclusion Initiatives,2024-01-01,Susan Vega,"Anderson, Mason and Warren",9047011157,en,https://placekitten.com/919/931,http://powell.com/,6,"Diversity and Inclusion Initiatives: In this document, we outline our diversity and inclusion initiatives and the steps we are taking to promote a culture of diversity and inclusivity within our organization.

Diversity and Inclusion Committee:
To ensure that diversity and inclusion are at the forefront of our company's values and practices, we have established a Diversity and Inclusion Committee. This committee comprises representatives from different departments and levels within the company to ensure that all voices are heard",
16,Diversity and Inclusion Initiatives,2024-01-01,Susan Vega,"Anderson, Mason and Warren",9047011157,en,https://placekitten.com/919/931,http://powell.com/,6,"Diversity and Inclusion Initiatives: The committee is responsible for identifying areas where we can improve diversity and inclusion, developing action plans, and monitoring the progress of our initiatives.

Employee Training:
We understand that creating a diverse and inclusive workplace requires education and awareness. Therefore, we have implemented mandatory training programs for all employees on topics such as unconscious bias, cultural sensitivity, and inclusive language",
16,Diversity and Inclusion Initiatives,2024-01-01,Susan Vega,"Anderson, Mason and Warren",9047011157,en,https://placekitten.com/919/931,http://powell.com/,6,"Diversity and Inclusion Initiatives: These training sessions aim to equip our employees with the knowledge and skills to promote diversity and inclusion in their daily work.

Diversity Recruitment:
We are committed to building a diverse workforce, and this starts with our recruitment process. We have implemented strategies to attract a diverse pool of candidates, including partnering with diverse organizations and attending job fairs and career events focused on underrepresented groups","{""departments"": [], ""procedures"": [""Diversity and Inclusion Initiatives"", ""Diversity Recruitment""], ""technologies"": [], ""projects"": [""training sessions"", ""recruitment process"", ""strategies"", ""partnering with diverse organizations"", ""attending job fairs"", ""career events""]}"
16,Diversity and Inclusion Initiatives,2024-01-01,Susan Vega,"Anderson, Mason and Warren",9047011157,en,https://placekitten.com/919/931,http://powell.com/,6,"Diversity and Inclusion Initiatives: Our recruitment team also undergoes training on diversity and inclusion to ensure that our hiring process is fair and inclusive.

Inclusive Policies:
We have reviewed and updated our company policies to promote diversity and inclusion. This includes implementing flexible work arrangements, providing accommodations for employees with disabilities, and ensuring equal pay for equal work regardless of gender, race, or ethnicity",
16,Diversity and Inclusion Initiatives,2024-01-01,Susan Vega,"Anderson, Mason and Warren",9047011157,en,https://placekitten.com/919/931,http://powell.com/,6,"Diversity and Inclusion Initiatives: We also have a zero-tolerance policy for discrimination and harassment and have established reporting channels for employees to report any incidents.

Employee Resource Groups:
To further support diversity and inclusion within our company, we have established Employee Resource Groups (ERGs). These groups provide a platform for employees to connect and support each other based on shared identities, such as race, gender, or sexual orientation","{""departments"": [], ""procedures"": [""zero-tolerance policy"", ""reporting channels"", ""Employee Resource Groups""], ""technologies"": [], ""projects"": [""Diversity and Inclusion Initiatives"", ""Employee Resource Groups""]}"
16,Diversity and Inclusion Initiatives,2024-01-01,Susan Vega,"Anderson, Mason and Warren",9047011157,en,https://placekitten.com/919/931,http://powell.com/,6,"Diversity and Inclusion Initiatives: ERGs also organize events and initiatives to celebrate diversity and raise awareness within the company.

Measuring Progress:
We believe in continuously monitoring and evaluating our diversity and inclusion initiatives' effectiveness. We regularly collect data on employee demographics, conduct employee satisfaction surveys, and review our hiring and promotion processes to ensure fairness and inclusivity","{""departments"": [], ""procedures"": [], ""technologies"": [], ""projects"": [""Diversity and Inclusion Initiatives"", ""Measuring Progress""]}"
16,Diversity and Inclusion Initiatives,2024-01-01,Susan Vega,"Anderson, Mason and Warren",9047011157,en,https://placekitten.com/919/931,http://powell.com/,6,"Diversity and Inclusion Initiatives: This data helps us identify areas for improvement and track our progress towards creating a more diverse and inclusive workplace.

Conclusion:
At XYZ Company, we are committed to creating a workplace where diversity and inclusion are celebrated and embraced. We believe that by implementing these initiatives, we can foster a culture of respect, understanding, and collaboration among our employees","{""departments"": [], ""procedures"": [""diversity and inclusion initiatives""], ""technologies"": [], ""projects"": []}"
16,Diversity and Inclusion Initiatives,2024-01-01,Susan Vega,"Anderson, Mason and Warren",9047011157,en,https://placekitten.com/919/931,http://powell.com/,6,"Diversity and Inclusion Initiatives: We will continue to review and improve our practices to ensure that diversity and inclusion are at the core of everything we do. We encourage all employees to join us in this journey towards a more diverse and inclusive organization. Together, we can make a positive impact and create a better workplace for all.","{""departments"": [], ""procedures"": [], ""technologies"": [], ""projects"": [""Diversity and Inclusion Initiatives""]}"
17,Conflict Resolution Procedures,2023-02-08,Scott Fox,"Davis, Meyer and Sutton",1770017717,en,https://picsum.photos/105/643,http://ross.info/,9,"Conflict Resolution Procedures: Conflict Resolution Procedures

Effective Date: [Date]

Introduction

At [Company Name], we value open communication and collaboration among all employees. However, conflicts may arise in the workplace, and it is important to have a structured approach to resolving them",
17,Conflict Resolution Procedures,2023-02-08,Scott Fox,"Davis, Meyer and Sutton",1770017717,en,https://picsum.photos/105/643,http://ross.info/,9,"Conflict Resolution Procedures: This document outlines the procedures for addressing and resolving conflicts within our company.

Types of Conflicts

Conflicts can arise in various forms, such as disagreements between colleagues, disputes over work responsibilities, or differences in opinions. It is crucial to identify the type of conflict to determine the appropriate resolution process.

Informal Resolution

In many cases, conflicts can be resolved informally by the individuals involved","{""departments"": [], ""procedures"": [""Conflict Resolution Procedures"", ""addressing and resolving conflicts"", ""differences in opinions"", ""identify the type of conflict"", ""determine the appropriate resolution process"", ""Informal Resolution"", ""resolved informally"", ""individuals involved""], ""technologies"": [], ""projects"": []}"
17,Conflict Resolution Procedures,2023-02-08,Scott Fox,"Davis, Meyer and Sutton",1770017717,en,https://picsum.photos/105/643,http://ross.info/,9,"Conflict Resolution Procedures: This could involve having a conversation to clarify misunderstandings or finding a compromise that satisfies both parties. In such cases, employees are encouraged to communicate openly and respectfully to resolve the conflict.

Formal Resolution

If the conflict cannot be resolved informally, the following steps should be taken to address the issue:

1. Notification - The employee should inform their immediate supervisor or manager about the conflict and provide details of the situation.

2","{""departments"": [], ""procedures"": [""Conflict Resolution Procedures"", ""conversation"", ""clarify misunderstandings"", ""finding a compromise"", ""communicate openly"", ""respectfully"", ""Formal Resolution"", ""Notification"", ""address the issue""], ""technologies"": [], ""projects"": []}"
17,Conflict Resolution Procedures,2023-02-08,Scott Fox,"Davis, Meyer and Sutton",1770017717,en,https://picsum.photos/105/643,http://ross.info/,9,"Conflict Resolution Procedures: Investigation - The supervisor or manager will conduct an investigation to gather all relevant information and perspectives from all parties involved.

3. Mediation - If the conflict cannot be resolved by the supervisor or manager, a neutral third party, such as HR or a trained mediator, will be involved to facilitate a resolution.

4. Disciplinary Action - In severe cases where an employees behavior is deemed unacceptable, disciplinary action may be taken","{""departments"": [], ""procedures"": [""Conflict Resolution Procedures"", ""Investigation"", ""Mediation"", ""Disciplinary Action""], ""technologies"": [], ""projects"": []}"
17,Conflict Resolution Procedures,2023-02-08,Scott Fox,"Davis, Meyer and Sutton",1770017717,en,https://picsum.photos/105/643,http://ross.info/,9,"Conflict Resolution Procedures: This could include a verbal or written warning, suspension, or termination of employment.

Confidentiality

All parties involved in the conflict resolution process are expected to maintain confidentiality and not discuss the details of the conflict with anyone outside of the resolution process.

No Retaliation

Retaliation against an employee who has reported a conflict or participated in the resolution process is strictly prohibited",
17,Conflict Resolution Procedures,2023-02-08,Scott Fox,"Davis, Meyer and Sutton",1770017717,en,https://picsum.photos/105/643,http://ross.info/,9,"Conflict Resolution Procedures: Any employee found guilty of retaliation will be subject to disciplinary action.

Conclusion

At [Company Name], we believe that conflicts can be resolved through open communication, understanding, and respect. We expect all employees to adhere to these procedures and work towards a positive and harmonious work environment. If you have any questions or concerns regarding these procedures, please reach out to HR for clarification.

Sincerely,

[Your Name]
HR Manager, [Company Name]","{""departments"": [], ""procedures"": [""Conflict Resolution Procedures"", ""open communication"", ""understanding"", ""respect""], ""technologies"": [], ""projects"": []}"
18,Employee Development Programs,2022-09-02,Douglas Warner,"Torres, Johnson and Hernandez",690856158,en,https://dummyimage.com/746x727,http://www.benson.com/,9,"Employee Development Programs: Employee Development Programs
Administrative Document

Introduction:
At our company, we value the growth and development of our employees. We understand that investing in our employees not only benefits them individually, but also contributes to the overall success of our company","{""departments"": [], ""procedures"": [], ""technologies"": [], ""projects"": [""Employee Development Programs""]}"
18,Employee Development Programs,2022-09-02,Douglas Warner,"Torres, Johnson and Hernandez",690856158,en,https://dummyimage.com/746x727,http://www.benson.com/,9,"Employee Development Programs: As a result, we have implemented various employee development programs to support our employees in their professional growth.

Purpose:
The purpose of this document is to outline the employee development programs offered at our company and to provide information on how employees can participate in these programs.

Employee Development Programs:
1. Training and Workshops:
We offer a range of training and workshops to enhance our employees' skills and knowledge","{""departments"": [], ""procedures"": [], ""technologies"": [], ""projects"": [""employee development programs"", ""employee development programs"", ""employee development programs"", ""employee development programs"", ""employee development programs"", ""employee development programs"", ""employee development programs"", ""employee development programs"", ""employee development programs"", ""employee development programs"", ""employee development programs"", ""employee development programs"", ""employee development programs"", ""employee development programs"", ""employee development programs"", ""employee development programs"", ""employee development"
18,Employee Development Programs,2022-09-02,Douglas Warner,"Torres, Johnson and Hernandez",690856158,en,https://dummyimage.com/746x727,http://www.benson.com/,9,"Employee Development Programs: These programs are conducted both internally by our experienced staff and externally by industry experts. Topics covered include leadership development, communication skills, technical skills, and many more.

2. Mentorship Program:
Our mentorship program pairs employees with experienced mentors within the company. This program allows employees to receive guidance and support from their mentors in areas such as career development, goal setting, and personal growth.

3",
18,Employee Development Programs,2022-09-02,Douglas Warner,"Torres, Johnson and Hernandez",690856158,en,https://dummyimage.com/746x727,http://www.benson.com/,9,"Employee Development Programs: Educational Assistance:
We believe in the importance of continuous learning and offer educational assistance to our employees. This program provides financial support for employees pursuing further education or professional certifications related to their role within the company.

4. Job Rotations:
To broaden our employees' skill set and provide them with new challenges, we offer job rotations within different departments or teams",
18,Employee Development Programs,2022-09-02,Douglas Warner,"Torres, Johnson and Hernandez",690856158,en,https://dummyimage.com/746x727,http://www.benson.com/,9,"Employee Development Programs: This program allows employees to gain a better understanding of the company's operations and also provides opportunities for career advancement.

Participation:
All employees are encouraged to participate in our employee development programs. Employees can express their interest in participating by speaking to their supervisor or by contacting the Human Resources department.

Benefits:
Participating in our employee development programs can lead to numerous benefits for both the employees and the company",
18,Employee Development Programs,2022-09-02,Douglas Warner,"Torres, Johnson and Hernandez",690856158,en,https://dummyimage.com/746x727,http://www.benson.com/,9,"Employee Development Programs: These include:
- Improved skills and knowledge
- Increased job satisfaction and motivation
- Career advancement opportunities
- Enhanced productivity and efficiency
- Higher employee retention rates

Conclusion:
Our employee development programs are a testament to our commitment to our employees' growth and success. We encourage all employees to take advantage of these programs and continue to invest in their own development","{""departments"": [], ""procedures"": [""Employee Development Programs""], ""technologies"": [], ""projects"": []}"
18,Employee Development Programs,2022-09-02,Douglas Warner,"Torres, Johnson and Hernandez",690856158,en,https://dummyimage.com/746x727,http://www.benson.com/,9,"Employee Development Programs: Together, we can achieve personal and professional growth, leading to a brighter future for our company.","{""departments"": [], ""procedures"": [""Employee Development Programs""], ""technologies"": [], ""projects"": []}"
19,Change Management Strategies,2024-01-03,Brenda Stephens,"Allen, Adams and Taylor",5563506326,en,https://dummyimage.com/182x772,http://www.cohen.com/,4,"Change Management Strategies: Company Name: XYZ Corporation
Document Type: Change Management Strategies

Introduction:
Change is an inevitable aspect of any organization. In today's rapidly evolving business environment, it is crucial for companies to have effective change management strategies in place. These strategies help in smooth implementation of changes and ensure minimal disruption to the organization's operations. This document outlines the change management strategies to be followed at XYZ Corporation.

Key Objectives:
1","{""departments"": [], ""procedures"": [""change management strategies""], ""technologies"": [], ""projects"": [""XYZ Corporation""]}"
19,Change Management Strategies,2024-01-03,Brenda Stephens,"Allen, Adams and Taylor",5563506326,en,https://dummyimage.com/182x772,http://www.cohen.com/,4,"Change Management Strategies: To ensure all changes are aligned with the company's overall goals and objectives.
2. To minimize resistance to change and promote a positive attitude towards it.
3. To ensure timely and effective implementation of changes.
4. To minimize disruption to day-to-day operations during the change process.
5. To measure the success of change management strategies and make improvements as needed.

Change Management Process:
1","{""departments"": [], ""procedures"": [""Change Management Strategies"", ""Change Management Process""], ""technologies"": [], ""projects"": []}"
19,Change Management Strategies,2024-01-03,Brenda Stephens,"Allen, Adams and Taylor",5563506326,en,https://dummyimage.com/182x772,http://www.cohen.com/,4,"Change Management Strategies: Identification of Need for Change: The first step in the change management process is to identify the need for change. This may include changes in technology, processes, policies, or procedures.

2. Assessment of Impact: Once the need for change is identified, a thorough assessment of its impact on the organization is conducted. This includes identifying potential risks, challenges, and opportunities that may arise as a result of the change.

3","{""departments"": [], ""procedures"": [""change management process"", ""assessment of impact""], ""technologies"": [""technology""], ""projects"": []}"
19,Change Management Strategies,2024-01-03,Brenda Stephens,"Allen, Adams and Taylor",5563506326,en,https://dummyimage.com/182x772,http://www.cohen.com/,4,"Change Management Strategies: Communication and Involvement: Effective communication is crucial in change management. All stakeholders, including employees, customers, and suppliers, should be informed about the change and their feedback should be taken into consideration.

4. Planning and Implementation: A detailed plan is developed for the implementation of the change. This includes setting timelines, assigning responsibilities, and ensuring necessary resources are in place.

5","{""departments"": [], ""procedures"": [""Change Management Strategies"", ""Effective communication"", ""change management"", ""implementation of the change"", ""setting timelines"", ""assigning responsibilities"", ""ensuring necessary resources""], ""technologies"": [], ""projects"": []}"
19,Change Management Strategies,2024-01-03,Brenda Stephens,"Allen, Adams and Taylor",5563506326,en,https://dummyimage.com/182x772,http://www.cohen.com/,4,"Change Management Strategies: Training and Support: Employees are provided with the necessary training and support to adapt to the change. This helps in minimizing resistance and ensuring a smooth transition.

6. Monitoring and Evaluation: During and after the implementation of the change, its progress is closely monitored. Any issues or challenges that arise are addressed promptly, and necessary adjustments are made to ensure the success of the change.

7","{""departments"": [], ""procedures"": [""Change Management Strategies"", ""Training and Support"", ""Monitoring and Evaluation""], ""technologies"": [], ""projects"": []}"
19,Change Management Strategies,2024-01-03,Brenda Stephens,"Allen, Adams and Taylor",5563506326,en,https://dummyimage.com/182x772,http://www.cohen.com/,4,"Change Management Strategies: Review and Improvement: Once the change has been fully implemented, a review is conducted to measure its success. Feedback from stakeholders is taken into consideration, and necessary improvements are made for future change management strategies.

Conclusion:
Effective change management strategies are crucial for the success and growth of any organization. At XYZ Corporation, we are committed to following these strategies to ensure smooth and successful implementation of changes","{""departments"": [], ""procedures"": [""Change Management Strategies"", ""review"", ""improvement"", ""change management strategies""], ""technologies"": [], ""projects"": [""XYZ Corporation""]}"
19,Change Management Strategies,2024-01-03,Brenda Stephens,"Allen, Adams and Taylor",5563506326,en,https://dummyimage.com/182x772,http://www.cohen.com/,4,"Change Management Strategies: By involving all stakeholders and continuously reviewing and improving our strategies, we aim to achieve our goals and objectives while minimizing disruption to our operations.","{""departments"": [], ""procedures"": [""Change Management Strategies""], ""technologies"": [], ""projects"": []}"
20,Succession Planning,2022-12-02,Eric Levy,Bailey Ltd,2007163696,en,https://picsum.photos/526/743,http://www.daugherty.com/,4,"Succession Planning: Succession Planning Document

This document serves as a guide for succession planning within our company. Succession planning is a crucial process that ensures the smooth transition of leadership and key roles within the organization","{""departments"": [], ""procedures"": [""Succession Planning Document"", ""succession planning""], ""technologies"": [], ""projects"": []}"
20,Succession Planning,2022-12-02,Eric Levy,Bailey Ltd,2007163696,en,https://picsum.photos/526/743,http://www.daugherty.com/,4,"Succession Planning: It is essential for the long-term success and sustainability of our company.

Purpose:

The purpose of succession planning is to identify and develop potential leaders within the organization, ensuring that we have a strong and capable leadership team to drive the company forward. It also helps to minimize any disruptions that may arise due to unexpected departures or retirements of key individuals.

Process:

Succession planning is a continuous process that involves the following steps:

1","{""departments"": [], ""procedures"": [""Succession Planning""], ""technologies"": [], ""projects"": []}"
20,Succession Planning,2022-12-02,Eric Levy,Bailey Ltd,2007163696,en,https://picsum.photos/526/743,http://www.daugherty.com/,4,"Succession Planning: Identify key positions: The first step is to identify the key positions within the company that are critical to its success. These may include executive roles, department heads, and other key leadership positions.

2. Assess current employees: Once the key positions have been identified, the next step is to assess the current employees who have the potential to fill these positions in the future. This assessment should be based on their skills, experience, and potential for growth.

3","{""departments"": [], ""procedures"": [""Succession Planning"", ""Identify key positions"", ""Assess current employees""], ""technologies"": [], ""projects"": []}"
20,Succession Planning,2022-12-02,Eric Levy,Bailey Ltd,2007163696,en,https://picsum.photos/526/743,http://www.daugherty.com/,4,"Succession Planning: Develop a succession plan: Based on the assessment, a succession plan should be developed for each key position. This plan should include a timeline for when the employee is expected to assume the role, as well as the training and development opportunities that will prepare them for the position.

4. Implement the plan: The succession plan should be implemented by providing the identified employees with the necessary training and development opportunities",
20,Succession Planning,2022-12-02,Eric Levy,Bailey Ltd,2007163696,en,https://picsum.photos/526/743,http://www.daugherty.com/,4,"Succession Planning: This could include job rotations, mentoring, and leadership development programs.

5. Monitor and review: Succession planning is an ongoing process and should be regularly monitored and reviewed to ensure its effectiveness. Any changes in the company's goals or objectives should be reflected in the succession plan.

Benefits:

Effective succession planning offers several benefits to the company, including:

1",
20,Succession Planning,2022-12-02,Eric Levy,Bailey Ltd,2007163696,en,https://picsum.photos/526/743,http://www.daugherty.com/,4,"Succession Planning: Minimizes disruptions: By having a pool of potential leaders, the company is better prepared to handle unexpected departures or retirements of key individuals.

2. Retains top talent: Succession planning shows employees that the company is invested in their growth and development, which can help to improve employee retention rates.

3","{""departments"": [], ""procedures"": [""Succession Planning""], ""technologies"": [], ""projects"": []}"
20,Succession Planning,2022-12-02,Eric Levy,Bailey Ltd,2007163696,en,https://picsum.photos/526/743,http://www.daugherty.com/,4,"Succession Planning: Smooth transitions: A well-planned succession process ensures a smooth transition of leadership, minimizing any disruptions to the company's operations.

Conclusion:

Succession planning is a critical process that ensures the long-term success of our company. It provides a roadmap for the development of future leaders and helps to minimize any disruptions that may arise due to unexpected departures",
20,Succession Planning,2022-12-02,Eric Levy,Bailey Ltd,2007163696,en,https://picsum.photos/526/743,http://www.daugherty.com/,4,"Succession Planning: As such, it is essential that this process is given the necessary attention and resources to ensure its effectiveness.","{""departments"": [], ""procedures"": [""Succession Planning""], ""technologies"": [], ""projects"": []}"
