position,rank,patent_id,serpapi_link,title,priority_date,filing_date,grant_date,publication_date,inventor,assignee,publication_number,language,thumbnail,pdf,page,text,text_chunks,entities
1,0,patent/US10427604B2/en,https://serpapi.com/search.json?engine=google_patents_details&patent_id=patent%2FUS10427604B2%2Fen,Vision system for a vehicle,2000-03-02,2018-08-27,2019-10-01,2019-10-01,Kenneth Schofield,Magna Electronics Inc.,US10427604B2,en,https://patentimages.storage.googleapis.com/24/7d/d7/f5c6b523a64b07/US10427604-20191001-D00000.png,https://patentimages.storage.googleapis.com/57/a2/97/f38685612beffe/US10427604.pdf,1.0,"Title: Vision System for a Vehicle

Abstract:

The present invention relates to a vision system for a vehicle, particularly for use in automobiles. The system comprises of a set of cameras and sensors placed strategically around the vehicle to provide a comprehensive and real-time view of the vehicle’s surroundings. The collected data is then processed and analyzed to provide the driver with enhanced situational awareness, enabling them to make informed decisions while driving.

Background:

The automotive industry has witnessed a significant increase in the use of advanced driver assistance systems (ADAS) to improve vehicle safety and performance. These systems heavily rely on various sensors and cameras to provide a 360-degree view of the vehicle’s surroundings. However, the existing systems have limitations in terms of accuracy, reliability, and cost. Therefore, there is a need for an improved vision system that can address these issues and provide a more robust solution.

Summary of the Invention:

The vision system for a vehicle of the present invention comprises of a set of cameras and sensors placed at strategic locations around the vehicle. The cameras are positioned in a way to cover all blind spots and provide a complete view of the vehicle’s surroundings. The sensors, on the other hand, detect and measure the distance between the vehicle and any obstacles in its path.

The data collected by the cameras and sensors is then processed by a central processing unit (CPU). The CPU uses advanced algorithms and image processing techniques to analyze the data and generate a real-time 3D model of the vehicle's surroundings. This 3D model is then displayed on a screen positioned in the driver's line of sight, providing them with an enhanced view of the road and potential hazards.

In addition to providing a 360-degree view, the vision system also includes features such as object recognition, lane departure warning, and blind spot detection. These features use the processed data to identify and alert the driver of potential dangers, thereby improving the overall safety of the vehicle.

Advantages:

The vision system for a vehicle of the present invention offers several advantages over existing systems. Firstly, it provides a more accurate and comprehensive view of the vehicle's surroundings, reducing the risk of accidents. Secondly, the system is cost-effective as it utilizes existing cameras and sensors already present in the vehicle. Lastly, the vision system can be easily integrated into various vehicle models, making it a versatile and practical solution for the automotive industry.

Conclusion:

In conclusion, the vision system for a vehicle described herein provides an innovative and improved solution for enhancing vehicle safety and performance. The system's ability to provide a 360-degree view, coupled with advanced features, makes it a valuable addition to any vehicle. Therefore, the invention is a significant contribution to the automotive industry and has a wide range of applications.","Vision system for a vehicle: Title: Vision System for a Vehicle

Abstract:

The present invention relates to a vision system for a vehicle, particularly for use in automobiles. The system comprises of a set of cameras and sensors placed strategically around the vehicle to provide a comprehensive and real-time view of the vehicle’s surroundings",
1,0,patent/US10427604B2/en,https://serpapi.com/search.json?engine=google_patents_details&patent_id=patent%2FUS10427604B2%2Fen,Vision system for a vehicle,2000-03-02,2018-08-27,2019-10-01,2019-10-01,Kenneth Schofield,Magna Electronics Inc.,US10427604B2,en,https://patentimages.storage.googleapis.com/24/7d/d7/f5c6b523a64b07/US10427604-20191001-D00000.png,https://patentimages.storage.googleapis.com/57/a2/97/f38685612beffe/US10427604.pdf,1.0,"Title: Vision System for a Vehicle

Abstract:

The present invention relates to a vision system for a vehicle, particularly for use in automobiles. The system comprises of a set of cameras and sensors placed strategically around the vehicle to provide a comprehensive and real-time view of the vehicle’s surroundings. The collected data is then processed and analyzed to provide the driver with enhanced situational awareness, enabling them to make informed decisions while driving.

Background:

The automotive industry has witnessed a significant increase in the use of advanced driver assistance systems (ADAS) to improve vehicle safety and performance. These systems heavily rely on various sensors and cameras to provide a 360-degree view of the vehicle’s surroundings. However, the existing systems have limitations in terms of accuracy, reliability, and cost. Therefore, there is a need for an improved vision system that can address these issues and provide a more robust solution.

Summary of the Invention:

The vision system for a vehicle of the present invention comprises of a set of cameras and sensors placed at strategic locations around the vehicle. The cameras are positioned in a way to cover all blind spots and provide a complete view of the vehicle’s surroundings. The sensors, on the other hand, detect and measure the distance between the vehicle and any obstacles in its path.

The data collected by the cameras and sensors is then processed by a central processing unit (CPU). The CPU uses advanced algorithms and image processing techniques to analyze the data and generate a real-time 3D model of the vehicle's surroundings. This 3D model is then displayed on a screen positioned in the driver's line of sight, providing them with an enhanced view of the road and potential hazards.

In addition to providing a 360-degree view, the vision system also includes features such as object recognition, lane departure warning, and blind spot detection. These features use the processed data to identify and alert the driver of potential dangers, thereby improving the overall safety of the vehicle.

Advantages:

The vision system for a vehicle of the present invention offers several advantages over existing systems. Firstly, it provides a more accurate and comprehensive view of the vehicle's surroundings, reducing the risk of accidents. Secondly, the system is cost-effective as it utilizes existing cameras and sensors already present in the vehicle. Lastly, the vision system can be easily integrated into various vehicle models, making it a versatile and practical solution for the automotive industry.

Conclusion:

In conclusion, the vision system for a vehicle described herein provides an innovative and improved solution for enhancing vehicle safety and performance. The system's ability to provide a 360-degree view, coupled with advanced features, makes it a valuable addition to any vehicle. Therefore, the invention is a significant contribution to the automotive industry and has a wide range of applications.","Vision system for a vehicle: The collected data is then processed and analyzed to provide the driver with enhanced situational awareness, enabling them to make informed decisions while driving.

Background:

The automotive industry has witnessed a significant increase in the use of advanced driver assistance systems (ADAS) to improve vehicle safety and performance. These systems heavily rely on various sensors and cameras to provide a 360-degree view of the vehicle’s surroundings","{""technologies"": [""Vision system"", ""advanced driver assistance systems (ADAS)"", ""sensors"", ""cameras""], ""places"": [], ""people"": [], ""organizations"": [""automotive industry""]}"
1,0,patent/US10427604B2/en,https://serpapi.com/search.json?engine=google_patents_details&patent_id=patent%2FUS10427604B2%2Fen,Vision system for a vehicle,2000-03-02,2018-08-27,2019-10-01,2019-10-01,Kenneth Schofield,Magna Electronics Inc.,US10427604B2,en,https://patentimages.storage.googleapis.com/24/7d/d7/f5c6b523a64b07/US10427604-20191001-D00000.png,https://patentimages.storage.googleapis.com/57/a2/97/f38685612beffe/US10427604.pdf,1.0,"Title: Vision System for a Vehicle

Abstract:

The present invention relates to a vision system for a vehicle, particularly for use in automobiles. The system comprises of a set of cameras and sensors placed strategically around the vehicle to provide a comprehensive and real-time view of the vehicle’s surroundings. The collected data is then processed and analyzed to provide the driver with enhanced situational awareness, enabling them to make informed decisions while driving.

Background:

The automotive industry has witnessed a significant increase in the use of advanced driver assistance systems (ADAS) to improve vehicle safety and performance. These systems heavily rely on various sensors and cameras to provide a 360-degree view of the vehicle’s surroundings. However, the existing systems have limitations in terms of accuracy, reliability, and cost. Therefore, there is a need for an improved vision system that can address these issues and provide a more robust solution.

Summary of the Invention:

The vision system for a vehicle of the present invention comprises of a set of cameras and sensors placed at strategic locations around the vehicle. The cameras are positioned in a way to cover all blind spots and provide a complete view of the vehicle’s surroundings. The sensors, on the other hand, detect and measure the distance between the vehicle and any obstacles in its path.

The data collected by the cameras and sensors is then processed by a central processing unit (CPU). The CPU uses advanced algorithms and image processing techniques to analyze the data and generate a real-time 3D model of the vehicle's surroundings. This 3D model is then displayed on a screen positioned in the driver's line of sight, providing them with an enhanced view of the road and potential hazards.

In addition to providing a 360-degree view, the vision system also includes features such as object recognition, lane departure warning, and blind spot detection. These features use the processed data to identify and alert the driver of potential dangers, thereby improving the overall safety of the vehicle.

Advantages:

The vision system for a vehicle of the present invention offers several advantages over existing systems. Firstly, it provides a more accurate and comprehensive view of the vehicle's surroundings, reducing the risk of accidents. Secondly, the system is cost-effective as it utilizes existing cameras and sensors already present in the vehicle. Lastly, the vision system can be easily integrated into various vehicle models, making it a versatile and practical solution for the automotive industry.

Conclusion:

In conclusion, the vision system for a vehicle described herein provides an innovative and improved solution for enhancing vehicle safety and performance. The system's ability to provide a 360-degree view, coupled with advanced features, makes it a valuable addition to any vehicle. Therefore, the invention is a significant contribution to the automotive industry and has a wide range of applications.","Vision system for a vehicle: However, the existing systems have limitations in terms of accuracy, reliability, and cost. Therefore, there is a need for an improved vision system that can address these issues and provide a more robust solution.

Summary of the Invention:

The vision system for a vehicle of the present invention comprises of a set of cameras and sensors placed at strategic locations around the vehicle. The cameras are positioned in a way to cover all blind spots and provide a complete view of the vehicle’s surroundings","{""technologies"": [], ""places"": [], ""people"": [], ""organizations"": []}"
1,0,patent/US10427604B2/en,https://serpapi.com/search.json?engine=google_patents_details&patent_id=patent%2FUS10427604B2%2Fen,Vision system for a vehicle,2000-03-02,2018-08-27,2019-10-01,2019-10-01,Kenneth Schofield,Magna Electronics Inc.,US10427604B2,en,https://patentimages.storage.googleapis.com/24/7d/d7/f5c6b523a64b07/US10427604-20191001-D00000.png,https://patentimages.storage.googleapis.com/57/a2/97/f38685612beffe/US10427604.pdf,1.0,"Title: Vision System for a Vehicle

Abstract:

The present invention relates to a vision system for a vehicle, particularly for use in automobiles. The system comprises of a set of cameras and sensors placed strategically around the vehicle to provide a comprehensive and real-time view of the vehicle’s surroundings. The collected data is then processed and analyzed to provide the driver with enhanced situational awareness, enabling them to make informed decisions while driving.

Background:

The automotive industry has witnessed a significant increase in the use of advanced driver assistance systems (ADAS) to improve vehicle safety and performance. These systems heavily rely on various sensors and cameras to provide a 360-degree view of the vehicle’s surroundings. However, the existing systems have limitations in terms of accuracy, reliability, and cost. Therefore, there is a need for an improved vision system that can address these issues and provide a more robust solution.

Summary of the Invention:

The vision system for a vehicle of the present invention comprises of a set of cameras and sensors placed at strategic locations around the vehicle. The cameras are positioned in a way to cover all blind spots and provide a complete view of the vehicle’s surroundings. The sensors, on the other hand, detect and measure the distance between the vehicle and any obstacles in its path.

The data collected by the cameras and sensors is then processed by a central processing unit (CPU). The CPU uses advanced algorithms and image processing techniques to analyze the data and generate a real-time 3D model of the vehicle's surroundings. This 3D model is then displayed on a screen positioned in the driver's line of sight, providing them with an enhanced view of the road and potential hazards.

In addition to providing a 360-degree view, the vision system also includes features such as object recognition, lane departure warning, and blind spot detection. These features use the processed data to identify and alert the driver of potential dangers, thereby improving the overall safety of the vehicle.

Advantages:

The vision system for a vehicle of the present invention offers several advantages over existing systems. Firstly, it provides a more accurate and comprehensive view of the vehicle's surroundings, reducing the risk of accidents. Secondly, the system is cost-effective as it utilizes existing cameras and sensors already present in the vehicle. Lastly, the vision system can be easily integrated into various vehicle models, making it a versatile and practical solution for the automotive industry.

Conclusion:

In conclusion, the vision system for a vehicle described herein provides an innovative and improved solution for enhancing vehicle safety and performance. The system's ability to provide a 360-degree view, coupled with advanced features, makes it a valuable addition to any vehicle. Therefore, the invention is a significant contribution to the automotive industry and has a wide range of applications.","Vision system for a vehicle: The sensors, on the other hand, detect and measure the distance between the vehicle and any obstacles in its path.

The data collected by the cameras and sensors is then processed by a central processing unit (CPU). The CPU uses advanced algorithms and image processing techniques to analyze the data and generate a real-time 3D model of the vehicle's surroundings",
1,0,patent/US10427604B2/en,https://serpapi.com/search.json?engine=google_patents_details&patent_id=patent%2FUS10427604B2%2Fen,Vision system for a vehicle,2000-03-02,2018-08-27,2019-10-01,2019-10-01,Kenneth Schofield,Magna Electronics Inc.,US10427604B2,en,https://patentimages.storage.googleapis.com/24/7d/d7/f5c6b523a64b07/US10427604-20191001-D00000.png,https://patentimages.storage.googleapis.com/57/a2/97/f38685612beffe/US10427604.pdf,1.0,"Title: Vision System for a Vehicle

Abstract:

The present invention relates to a vision system for a vehicle, particularly for use in automobiles. The system comprises of a set of cameras and sensors placed strategically around the vehicle to provide a comprehensive and real-time view of the vehicle’s surroundings. The collected data is then processed and analyzed to provide the driver with enhanced situational awareness, enabling them to make informed decisions while driving.

Background:

The automotive industry has witnessed a significant increase in the use of advanced driver assistance systems (ADAS) to improve vehicle safety and performance. These systems heavily rely on various sensors and cameras to provide a 360-degree view of the vehicle’s surroundings. However, the existing systems have limitations in terms of accuracy, reliability, and cost. Therefore, there is a need for an improved vision system that can address these issues and provide a more robust solution.

Summary of the Invention:

The vision system for a vehicle of the present invention comprises of a set of cameras and sensors placed at strategic locations around the vehicle. The cameras are positioned in a way to cover all blind spots and provide a complete view of the vehicle’s surroundings. The sensors, on the other hand, detect and measure the distance between the vehicle and any obstacles in its path.

The data collected by the cameras and sensors is then processed by a central processing unit (CPU). The CPU uses advanced algorithms and image processing techniques to analyze the data and generate a real-time 3D model of the vehicle's surroundings. This 3D model is then displayed on a screen positioned in the driver's line of sight, providing them with an enhanced view of the road and potential hazards.

In addition to providing a 360-degree view, the vision system also includes features such as object recognition, lane departure warning, and blind spot detection. These features use the processed data to identify and alert the driver of potential dangers, thereby improving the overall safety of the vehicle.

Advantages:

The vision system for a vehicle of the present invention offers several advantages over existing systems. Firstly, it provides a more accurate and comprehensive view of the vehicle's surroundings, reducing the risk of accidents. Secondly, the system is cost-effective as it utilizes existing cameras and sensors already present in the vehicle. Lastly, the vision system can be easily integrated into various vehicle models, making it a versatile and practical solution for the automotive industry.

Conclusion:

In conclusion, the vision system for a vehicle described herein provides an innovative and improved solution for enhancing vehicle safety and performance. The system's ability to provide a 360-degree view, coupled with advanced features, makes it a valuable addition to any vehicle. Therefore, the invention is a significant contribution to the automotive industry and has a wide range of applications.","Vision system for a vehicle: This 3D model is then displayed on a screen positioned in the driver's line of sight, providing them with an enhanced view of the road and potential hazards.

In addition to providing a 360-degree view, the vision system also includes features such as object recognition, lane departure warning, and blind spot detection",
1,0,patent/US10427604B2/en,https://serpapi.com/search.json?engine=google_patents_details&patent_id=patent%2FUS10427604B2%2Fen,Vision system for a vehicle,2000-03-02,2018-08-27,2019-10-01,2019-10-01,Kenneth Schofield,Magna Electronics Inc.,US10427604B2,en,https://patentimages.storage.googleapis.com/24/7d/d7/f5c6b523a64b07/US10427604-20191001-D00000.png,https://patentimages.storage.googleapis.com/57/a2/97/f38685612beffe/US10427604.pdf,1.0,"Title: Vision System for a Vehicle

Abstract:

The present invention relates to a vision system for a vehicle, particularly for use in automobiles. The system comprises of a set of cameras and sensors placed strategically around the vehicle to provide a comprehensive and real-time view of the vehicle’s surroundings. The collected data is then processed and analyzed to provide the driver with enhanced situational awareness, enabling them to make informed decisions while driving.

Background:

The automotive industry has witnessed a significant increase in the use of advanced driver assistance systems (ADAS) to improve vehicle safety and performance. These systems heavily rely on various sensors and cameras to provide a 360-degree view of the vehicle’s surroundings. However, the existing systems have limitations in terms of accuracy, reliability, and cost. Therefore, there is a need for an improved vision system that can address these issues and provide a more robust solution.

Summary of the Invention:

The vision system for a vehicle of the present invention comprises of a set of cameras and sensors placed at strategic locations around the vehicle. The cameras are positioned in a way to cover all blind spots and provide a complete view of the vehicle’s surroundings. The sensors, on the other hand, detect and measure the distance between the vehicle and any obstacles in its path.

The data collected by the cameras and sensors is then processed by a central processing unit (CPU). The CPU uses advanced algorithms and image processing techniques to analyze the data and generate a real-time 3D model of the vehicle's surroundings. This 3D model is then displayed on a screen positioned in the driver's line of sight, providing them with an enhanced view of the road and potential hazards.

In addition to providing a 360-degree view, the vision system also includes features such as object recognition, lane departure warning, and blind spot detection. These features use the processed data to identify and alert the driver of potential dangers, thereby improving the overall safety of the vehicle.

Advantages:

The vision system for a vehicle of the present invention offers several advantages over existing systems. Firstly, it provides a more accurate and comprehensive view of the vehicle's surroundings, reducing the risk of accidents. Secondly, the system is cost-effective as it utilizes existing cameras and sensors already present in the vehicle. Lastly, the vision system can be easily integrated into various vehicle models, making it a versatile and practical solution for the automotive industry.

Conclusion:

In conclusion, the vision system for a vehicle described herein provides an innovative and improved solution for enhancing vehicle safety and performance. The system's ability to provide a 360-degree view, coupled with advanced features, makes it a valuable addition to any vehicle. Therefore, the invention is a significant contribution to the automotive industry and has a wide range of applications.","Vision system for a vehicle: These features use the processed data to identify and alert the driver of potential dangers, thereby improving the overall safety of the vehicle.

Advantages:

The vision system for a vehicle of the present invention offers several advantages over existing systems. Firstly, it provides a more accurate and comprehensive view of the vehicle's surroundings, reducing the risk of accidents. Secondly, the system is cost-effective as it utilizes existing cameras and sensors already present in the vehicle",
1,0,patent/US10427604B2/en,https://serpapi.com/search.json?engine=google_patents_details&patent_id=patent%2FUS10427604B2%2Fen,Vision system for a vehicle,2000-03-02,2018-08-27,2019-10-01,2019-10-01,Kenneth Schofield,Magna Electronics Inc.,US10427604B2,en,https://patentimages.storage.googleapis.com/24/7d/d7/f5c6b523a64b07/US10427604-20191001-D00000.png,https://patentimages.storage.googleapis.com/57/a2/97/f38685612beffe/US10427604.pdf,1.0,"Title: Vision System for a Vehicle

Abstract:

The present invention relates to a vision system for a vehicle, particularly for use in automobiles. The system comprises of a set of cameras and sensors placed strategically around the vehicle to provide a comprehensive and real-time view of the vehicle’s surroundings. The collected data is then processed and analyzed to provide the driver with enhanced situational awareness, enabling them to make informed decisions while driving.

Background:

The automotive industry has witnessed a significant increase in the use of advanced driver assistance systems (ADAS) to improve vehicle safety and performance. These systems heavily rely on various sensors and cameras to provide a 360-degree view of the vehicle’s surroundings. However, the existing systems have limitations in terms of accuracy, reliability, and cost. Therefore, there is a need for an improved vision system that can address these issues and provide a more robust solution.

Summary of the Invention:

The vision system for a vehicle of the present invention comprises of a set of cameras and sensors placed at strategic locations around the vehicle. The cameras are positioned in a way to cover all blind spots and provide a complete view of the vehicle’s surroundings. The sensors, on the other hand, detect and measure the distance between the vehicle and any obstacles in its path.

The data collected by the cameras and sensors is then processed by a central processing unit (CPU). The CPU uses advanced algorithms and image processing techniques to analyze the data and generate a real-time 3D model of the vehicle's surroundings. This 3D model is then displayed on a screen positioned in the driver's line of sight, providing them with an enhanced view of the road and potential hazards.

In addition to providing a 360-degree view, the vision system also includes features such as object recognition, lane departure warning, and blind spot detection. These features use the processed data to identify and alert the driver of potential dangers, thereby improving the overall safety of the vehicle.

Advantages:

The vision system for a vehicle of the present invention offers several advantages over existing systems. Firstly, it provides a more accurate and comprehensive view of the vehicle's surroundings, reducing the risk of accidents. Secondly, the system is cost-effective as it utilizes existing cameras and sensors already present in the vehicle. Lastly, the vision system can be easily integrated into various vehicle models, making it a versatile and practical solution for the automotive industry.

Conclusion:

In conclusion, the vision system for a vehicle described herein provides an innovative and improved solution for enhancing vehicle safety and performance. The system's ability to provide a 360-degree view, coupled with advanced features, makes it a valuable addition to any vehicle. Therefore, the invention is a significant contribution to the automotive industry and has a wide range of applications.","Vision system for a vehicle: Lastly, the vision system can be easily integrated into various vehicle models, making it a versatile and practical solution for the automotive industry.

Conclusion:

In conclusion, the vision system for a vehicle described herein provides an innovative and improved solution for enhancing vehicle safety and performance. The system's ability to provide a 360-degree view, coupled with advanced features, makes it a valuable addition to any vehicle","{""technologies"": [""vision system""], ""places"": [], ""people"": [], ""organizations"": [""automotive industry""]}"
1,0,patent/US10427604B2/en,https://serpapi.com/search.json?engine=google_patents_details&patent_id=patent%2FUS10427604B2%2Fen,Vision system for a vehicle,2000-03-02,2018-08-27,2019-10-01,2019-10-01,Kenneth Schofield,Magna Electronics Inc.,US10427604B2,en,https://patentimages.storage.googleapis.com/24/7d/d7/f5c6b523a64b07/US10427604-20191001-D00000.png,https://patentimages.storage.googleapis.com/57/a2/97/f38685612beffe/US10427604.pdf,1.0,"Title: Vision System for a Vehicle

Abstract:

The present invention relates to a vision system for a vehicle, particularly for use in automobiles. The system comprises of a set of cameras and sensors placed strategically around the vehicle to provide a comprehensive and real-time view of the vehicle’s surroundings. The collected data is then processed and analyzed to provide the driver with enhanced situational awareness, enabling them to make informed decisions while driving.

Background:

The automotive industry has witnessed a significant increase in the use of advanced driver assistance systems (ADAS) to improve vehicle safety and performance. These systems heavily rely on various sensors and cameras to provide a 360-degree view of the vehicle’s surroundings. However, the existing systems have limitations in terms of accuracy, reliability, and cost. Therefore, there is a need for an improved vision system that can address these issues and provide a more robust solution.

Summary of the Invention:

The vision system for a vehicle of the present invention comprises of a set of cameras and sensors placed at strategic locations around the vehicle. The cameras are positioned in a way to cover all blind spots and provide a complete view of the vehicle’s surroundings. The sensors, on the other hand, detect and measure the distance between the vehicle and any obstacles in its path.

The data collected by the cameras and sensors is then processed by a central processing unit (CPU). The CPU uses advanced algorithms and image processing techniques to analyze the data and generate a real-time 3D model of the vehicle's surroundings. This 3D model is then displayed on a screen positioned in the driver's line of sight, providing them with an enhanced view of the road and potential hazards.

In addition to providing a 360-degree view, the vision system also includes features such as object recognition, lane departure warning, and blind spot detection. These features use the processed data to identify and alert the driver of potential dangers, thereby improving the overall safety of the vehicle.

Advantages:

The vision system for a vehicle of the present invention offers several advantages over existing systems. Firstly, it provides a more accurate and comprehensive view of the vehicle's surroundings, reducing the risk of accidents. Secondly, the system is cost-effective as it utilizes existing cameras and sensors already present in the vehicle. Lastly, the vision system can be easily integrated into various vehicle models, making it a versatile and practical solution for the automotive industry.

Conclusion:

In conclusion, the vision system for a vehicle described herein provides an innovative and improved solution for enhancing vehicle safety and performance. The system's ability to provide a 360-degree view, coupled with advanced features, makes it a valuable addition to any vehicle. Therefore, the invention is a significant contribution to the automotive industry and has a wide range of applications.","Vision system for a vehicle: Therefore, the invention is a significant contribution to the automotive industry and has a wide range of applications.","{""technologies"": [""Vision system""], ""places"": [], ""people"": [], ""organizations"": [""automotive industry""]}"
2,1,patent/US20210234767A1/en,https://serpapi.com/search.json?engine=google_patents_details&patent_id=patent%2FUS20210234767A1%2Fen,Vehicle middleware,2011-11-16,2021-04-16,,2021-07-29,Christopher P. Ricci,Autoconnect Holdings Llc,US20210234767A1,en,https://patentimages.storage.googleapis.com/aa/b4/95/7aefdc31ecb92c/US20210234767A1-20210729-D00000.png,https://patentimages.storage.googleapis.com/42/1e/f1/02cf5e39df65cb/US20210234767A1.pdf,1.0,"Title: Vehicle Middleware for Efficient Data Transfer and Communication in the Automotive Industry

Background:
The automotive industry has seen tremendous growth in recent years with the advancement of technology and the increasing demand for connected and autonomous vehicles. As a result, vehicles are becoming more complex with numerous electronic control units (ECUs) and sensors, requiring efficient data transfer and communication between them. However, the current methods of data transfer and communication in vehicles are often limited, resulting in slow and unreliable systems. In order to address these challenges, a new technology known as ""Vehicle Middleware"" has been developed.

Summary of the Invention:
The present invention relates to a Vehicle Middleware system that provides a centralized platform for efficient data transfer and communication between various ECUs and sensors in a vehicle. This technology integrates and manages the communication protocols, data formats, and interfaces between different systems, allowing for seamless and reliable data exchange.

Description of the Invention:
The Vehicle Middleware system consists of a middleware layer, which acts as an intermediary between the application layer and the hardware layer. The middleware layer is responsible for managing the data transfer and communication between different applications and hardware components. It also provides a standardized interface for communication, allowing for easy integration of new applications and hardware components.

The middleware layer utilizes a high-speed communication bus, such as Controller Area Network (CAN), Local Interconnect Network (LIN), or Ethernet, to transfer data between different systems in the vehicle. This ensures faster and more reliable data transfer compared to traditional methods such as serial communication.

Furthermore, the Vehicle Middleware system incorporates a data management module, which is responsible for organizing and prioritizing data based on its criticality and the system's bandwidth. This ensures that critical data, such as safety-related information, is given priority over non-critical data, resulting in a more efficient and reliable system.

The Vehicle Middleware system also includes a diagnostic module, which continuously monitors the data transfer and communication between different systems. In the event of any failure or error, the diagnostic module identifies the source of the problem and provides real-time diagnostics, allowing for quick and efficient troubleshooting.

Advantages:
1. Improved Data Transfer and Communication: The Vehicle Middleware system provides a centralized platform for efficient data transfer and communication, resulting in faster and more reliable systems.

2. Standardized Interface: The use of a standardized interface simplifies the integration of new applications and hardware components, reducing development time and costs.

3. Real-time Diagnostics: The diagnostic module continuously monitors the system, providing real-time diagnostics in the event of any failure or error, allowing for quick and efficient troubleshooting.

4. Scalable and Flexible: The Vehicle Middleware system is scalable and can be easily adapted to accommodate new technologies and future advancements in the automotive industry.

Conclusion:
The Vehicle Middleware system offers a novel approach to data transfer and communication in vehicles, providing a centralized platform for efficient and reliable systems. This technology has the potential to revolutionize the automotive industry and pave the way for the development of more advanced and connected vehicles.","Vehicle middleware: Title: Vehicle Middleware for Efficient Data Transfer and Communication in the Automotive Industry

Background:
The automotive industry has seen tremendous growth in recent years with the advancement of technology and the increasing demand for connected and autonomous vehicles. As a result, vehicles are becoming more complex with numerous electronic control units (ECUs) and sensors, requiring efficient data transfer and communication between them",
2,1,patent/US20210234767A1/en,https://serpapi.com/search.json?engine=google_patents_details&patent_id=patent%2FUS20210234767A1%2Fen,Vehicle middleware,2011-11-16,2021-04-16,,2021-07-29,Christopher P. Ricci,Autoconnect Holdings Llc,US20210234767A1,en,https://patentimages.storage.googleapis.com/aa/b4/95/7aefdc31ecb92c/US20210234767A1-20210729-D00000.png,https://patentimages.storage.googleapis.com/42/1e/f1/02cf5e39df65cb/US20210234767A1.pdf,1.0,"Title: Vehicle Middleware for Efficient Data Transfer and Communication in the Automotive Industry

Background:
The automotive industry has seen tremendous growth in recent years with the advancement of technology and the increasing demand for connected and autonomous vehicles. As a result, vehicles are becoming more complex with numerous electronic control units (ECUs) and sensors, requiring efficient data transfer and communication between them. However, the current methods of data transfer and communication in vehicles are often limited, resulting in slow and unreliable systems. In order to address these challenges, a new technology known as ""Vehicle Middleware"" has been developed.

Summary of the Invention:
The present invention relates to a Vehicle Middleware system that provides a centralized platform for efficient data transfer and communication between various ECUs and sensors in a vehicle. This technology integrates and manages the communication protocols, data formats, and interfaces between different systems, allowing for seamless and reliable data exchange.

Description of the Invention:
The Vehicle Middleware system consists of a middleware layer, which acts as an intermediary between the application layer and the hardware layer. The middleware layer is responsible for managing the data transfer and communication between different applications and hardware components. It also provides a standardized interface for communication, allowing for easy integration of new applications and hardware components.

The middleware layer utilizes a high-speed communication bus, such as Controller Area Network (CAN), Local Interconnect Network (LIN), or Ethernet, to transfer data between different systems in the vehicle. This ensures faster and more reliable data transfer compared to traditional methods such as serial communication.

Furthermore, the Vehicle Middleware system incorporates a data management module, which is responsible for organizing and prioritizing data based on its criticality and the system's bandwidth. This ensures that critical data, such as safety-related information, is given priority over non-critical data, resulting in a more efficient and reliable system.

The Vehicle Middleware system also includes a diagnostic module, which continuously monitors the data transfer and communication between different systems. In the event of any failure or error, the diagnostic module identifies the source of the problem and provides real-time diagnostics, allowing for quick and efficient troubleshooting.

Advantages:
1. Improved Data Transfer and Communication: The Vehicle Middleware system provides a centralized platform for efficient data transfer and communication, resulting in faster and more reliable systems.

2. Standardized Interface: The use of a standardized interface simplifies the integration of new applications and hardware components, reducing development time and costs.

3. Real-time Diagnostics: The diagnostic module continuously monitors the system, providing real-time diagnostics in the event of any failure or error, allowing for quick and efficient troubleshooting.

4. Scalable and Flexible: The Vehicle Middleware system is scalable and can be easily adapted to accommodate new technologies and future advancements in the automotive industry.

Conclusion:
The Vehicle Middleware system offers a novel approach to data transfer and communication in vehicles, providing a centralized platform for efficient and reliable systems. This technology has the potential to revolutionize the automotive industry and pave the way for the development of more advanced and connected vehicles.","Vehicle middleware: However, the current methods of data transfer and communication in vehicles are often limited, resulting in slow and unreliable systems. In order to address these challenges, a new technology known as ""Vehicle Middleware"" has been developed.

Summary of the Invention:
The present invention relates to a Vehicle Middleware system that provides a centralized platform for efficient data transfer and communication between various ECUs and sensors in a vehicle",
2,1,patent/US20210234767A1/en,https://serpapi.com/search.json?engine=google_patents_details&patent_id=patent%2FUS20210234767A1%2Fen,Vehicle middleware,2011-11-16,2021-04-16,,2021-07-29,Christopher P. Ricci,Autoconnect Holdings Llc,US20210234767A1,en,https://patentimages.storage.googleapis.com/aa/b4/95/7aefdc31ecb92c/US20210234767A1-20210729-D00000.png,https://patentimages.storage.googleapis.com/42/1e/f1/02cf5e39df65cb/US20210234767A1.pdf,1.0,"Title: Vehicle Middleware for Efficient Data Transfer and Communication in the Automotive Industry

Background:
The automotive industry has seen tremendous growth in recent years with the advancement of technology and the increasing demand for connected and autonomous vehicles. As a result, vehicles are becoming more complex with numerous electronic control units (ECUs) and sensors, requiring efficient data transfer and communication between them. However, the current methods of data transfer and communication in vehicles are often limited, resulting in slow and unreliable systems. In order to address these challenges, a new technology known as ""Vehicle Middleware"" has been developed.

Summary of the Invention:
The present invention relates to a Vehicle Middleware system that provides a centralized platform for efficient data transfer and communication between various ECUs and sensors in a vehicle. This technology integrates and manages the communication protocols, data formats, and interfaces between different systems, allowing for seamless and reliable data exchange.

Description of the Invention:
The Vehicle Middleware system consists of a middleware layer, which acts as an intermediary between the application layer and the hardware layer. The middleware layer is responsible for managing the data transfer and communication between different applications and hardware components. It also provides a standardized interface for communication, allowing for easy integration of new applications and hardware components.

The middleware layer utilizes a high-speed communication bus, such as Controller Area Network (CAN), Local Interconnect Network (LIN), or Ethernet, to transfer data between different systems in the vehicle. This ensures faster and more reliable data transfer compared to traditional methods such as serial communication.

Furthermore, the Vehicle Middleware system incorporates a data management module, which is responsible for organizing and prioritizing data based on its criticality and the system's bandwidth. This ensures that critical data, such as safety-related information, is given priority over non-critical data, resulting in a more efficient and reliable system.

The Vehicle Middleware system also includes a diagnostic module, which continuously monitors the data transfer and communication between different systems. In the event of any failure or error, the diagnostic module identifies the source of the problem and provides real-time diagnostics, allowing for quick and efficient troubleshooting.

Advantages:
1. Improved Data Transfer and Communication: The Vehicle Middleware system provides a centralized platform for efficient data transfer and communication, resulting in faster and more reliable systems.

2. Standardized Interface: The use of a standardized interface simplifies the integration of new applications and hardware components, reducing development time and costs.

3. Real-time Diagnostics: The diagnostic module continuously monitors the system, providing real-time diagnostics in the event of any failure or error, allowing for quick and efficient troubleshooting.

4. Scalable and Flexible: The Vehicle Middleware system is scalable and can be easily adapted to accommodate new technologies and future advancements in the automotive industry.

Conclusion:
The Vehicle Middleware system offers a novel approach to data transfer and communication in vehicles, providing a centralized platform for efficient and reliable systems. This technology has the potential to revolutionize the automotive industry and pave the way for the development of more advanced and connected vehicles.","Vehicle middleware: This technology integrates and manages the communication protocols, data formats, and interfaces between different systems, allowing for seamless and reliable data exchange.

Description of the Invention:
The Vehicle Middleware system consists of a middleware layer, which acts as an intermediary between the application layer and the hardware layer. The middleware layer is responsible for managing the data transfer and communication between different applications and hardware components",
2,1,patent/US20210234767A1/en,https://serpapi.com/search.json?engine=google_patents_details&patent_id=patent%2FUS20210234767A1%2Fen,Vehicle middleware,2011-11-16,2021-04-16,,2021-07-29,Christopher P. Ricci,Autoconnect Holdings Llc,US20210234767A1,en,https://patentimages.storage.googleapis.com/aa/b4/95/7aefdc31ecb92c/US20210234767A1-20210729-D00000.png,https://patentimages.storage.googleapis.com/42/1e/f1/02cf5e39df65cb/US20210234767A1.pdf,1.0,"Title: Vehicle Middleware for Efficient Data Transfer and Communication in the Automotive Industry

Background:
The automotive industry has seen tremendous growth in recent years with the advancement of technology and the increasing demand for connected and autonomous vehicles. As a result, vehicles are becoming more complex with numerous electronic control units (ECUs) and sensors, requiring efficient data transfer and communication between them. However, the current methods of data transfer and communication in vehicles are often limited, resulting in slow and unreliable systems. In order to address these challenges, a new technology known as ""Vehicle Middleware"" has been developed.

Summary of the Invention:
The present invention relates to a Vehicle Middleware system that provides a centralized platform for efficient data transfer and communication between various ECUs and sensors in a vehicle. This technology integrates and manages the communication protocols, data formats, and interfaces between different systems, allowing for seamless and reliable data exchange.

Description of the Invention:
The Vehicle Middleware system consists of a middleware layer, which acts as an intermediary between the application layer and the hardware layer. The middleware layer is responsible for managing the data transfer and communication between different applications and hardware components. It also provides a standardized interface for communication, allowing for easy integration of new applications and hardware components.

The middleware layer utilizes a high-speed communication bus, such as Controller Area Network (CAN), Local Interconnect Network (LIN), or Ethernet, to transfer data between different systems in the vehicle. This ensures faster and more reliable data transfer compared to traditional methods such as serial communication.

Furthermore, the Vehicle Middleware system incorporates a data management module, which is responsible for organizing and prioritizing data based on its criticality and the system's bandwidth. This ensures that critical data, such as safety-related information, is given priority over non-critical data, resulting in a more efficient and reliable system.

The Vehicle Middleware system also includes a diagnostic module, which continuously monitors the data transfer and communication between different systems. In the event of any failure or error, the diagnostic module identifies the source of the problem and provides real-time diagnostics, allowing for quick and efficient troubleshooting.

Advantages:
1. Improved Data Transfer and Communication: The Vehicle Middleware system provides a centralized platform for efficient data transfer and communication, resulting in faster and more reliable systems.

2. Standardized Interface: The use of a standardized interface simplifies the integration of new applications and hardware components, reducing development time and costs.

3. Real-time Diagnostics: The diagnostic module continuously monitors the system, providing real-time diagnostics in the event of any failure or error, allowing for quick and efficient troubleshooting.

4. Scalable and Flexible: The Vehicle Middleware system is scalable and can be easily adapted to accommodate new technologies and future advancements in the automotive industry.

Conclusion:
The Vehicle Middleware system offers a novel approach to data transfer and communication in vehicles, providing a centralized platform for efficient and reliable systems. This technology has the potential to revolutionize the automotive industry and pave the way for the development of more advanced and connected vehicles.","Vehicle middleware: It also provides a standardized interface for communication, allowing for easy integration of new applications and hardware components.

The middleware layer utilizes a high-speed communication bus, such as Controller Area Network (CAN), Local Interconnect Network (LIN), or Ethernet, to transfer data between different systems in the vehicle","{""technologies"": [""Vehicle middleware"", ""Controller Area Network (CAN)"", ""Local Interconnect Network (LIN)"", ""Ethernet""], ""places"": [], ""people"": [], ""organizations"": []}"
2,1,patent/US20210234767A1/en,https://serpapi.com/search.json?engine=google_patents_details&patent_id=patent%2FUS20210234767A1%2Fen,Vehicle middleware,2011-11-16,2021-04-16,,2021-07-29,Christopher P. Ricci,Autoconnect Holdings Llc,US20210234767A1,en,https://patentimages.storage.googleapis.com/aa/b4/95/7aefdc31ecb92c/US20210234767A1-20210729-D00000.png,https://patentimages.storage.googleapis.com/42/1e/f1/02cf5e39df65cb/US20210234767A1.pdf,1.0,"Title: Vehicle Middleware for Efficient Data Transfer and Communication in the Automotive Industry

Background:
The automotive industry has seen tremendous growth in recent years with the advancement of technology and the increasing demand for connected and autonomous vehicles. As a result, vehicles are becoming more complex with numerous electronic control units (ECUs) and sensors, requiring efficient data transfer and communication between them. However, the current methods of data transfer and communication in vehicles are often limited, resulting in slow and unreliable systems. In order to address these challenges, a new technology known as ""Vehicle Middleware"" has been developed.

Summary of the Invention:
The present invention relates to a Vehicle Middleware system that provides a centralized platform for efficient data transfer and communication between various ECUs and sensors in a vehicle. This technology integrates and manages the communication protocols, data formats, and interfaces between different systems, allowing for seamless and reliable data exchange.

Description of the Invention:
The Vehicle Middleware system consists of a middleware layer, which acts as an intermediary between the application layer and the hardware layer. The middleware layer is responsible for managing the data transfer and communication between different applications and hardware components. It also provides a standardized interface for communication, allowing for easy integration of new applications and hardware components.

The middleware layer utilizes a high-speed communication bus, such as Controller Area Network (CAN), Local Interconnect Network (LIN), or Ethernet, to transfer data between different systems in the vehicle. This ensures faster and more reliable data transfer compared to traditional methods such as serial communication.

Furthermore, the Vehicle Middleware system incorporates a data management module, which is responsible for organizing and prioritizing data based on its criticality and the system's bandwidth. This ensures that critical data, such as safety-related information, is given priority over non-critical data, resulting in a more efficient and reliable system.

The Vehicle Middleware system also includes a diagnostic module, which continuously monitors the data transfer and communication between different systems. In the event of any failure or error, the diagnostic module identifies the source of the problem and provides real-time diagnostics, allowing for quick and efficient troubleshooting.

Advantages:
1. Improved Data Transfer and Communication: The Vehicle Middleware system provides a centralized platform for efficient data transfer and communication, resulting in faster and more reliable systems.

2. Standardized Interface: The use of a standardized interface simplifies the integration of new applications and hardware components, reducing development time and costs.

3. Real-time Diagnostics: The diagnostic module continuously monitors the system, providing real-time diagnostics in the event of any failure or error, allowing for quick and efficient troubleshooting.

4. Scalable and Flexible: The Vehicle Middleware system is scalable and can be easily adapted to accommodate new technologies and future advancements in the automotive industry.

Conclusion:
The Vehicle Middleware system offers a novel approach to data transfer and communication in vehicles, providing a centralized platform for efficient and reliable systems. This technology has the potential to revolutionize the automotive industry and pave the way for the development of more advanced and connected vehicles.","Vehicle middleware: This ensures faster and more reliable data transfer compared to traditional methods such as serial communication.

Furthermore, the Vehicle Middleware system incorporates a data management module, which is responsible for organizing and prioritizing data based on its criticality and the system's bandwidth","{""technologies"": [""Vehicle Middleware"", ""serial communication""], ""places"": [], ""people"": [], ""organizations"": []}"
2,1,patent/US20210234767A1/en,https://serpapi.com/search.json?engine=google_patents_details&patent_id=patent%2FUS20210234767A1%2Fen,Vehicle middleware,2011-11-16,2021-04-16,,2021-07-29,Christopher P. Ricci,Autoconnect Holdings Llc,US20210234767A1,en,https://patentimages.storage.googleapis.com/aa/b4/95/7aefdc31ecb92c/US20210234767A1-20210729-D00000.png,https://patentimages.storage.googleapis.com/42/1e/f1/02cf5e39df65cb/US20210234767A1.pdf,1.0,"Title: Vehicle Middleware for Efficient Data Transfer and Communication in the Automotive Industry

Background:
The automotive industry has seen tremendous growth in recent years with the advancement of technology and the increasing demand for connected and autonomous vehicles. As a result, vehicles are becoming more complex with numerous electronic control units (ECUs) and sensors, requiring efficient data transfer and communication between them. However, the current methods of data transfer and communication in vehicles are often limited, resulting in slow and unreliable systems. In order to address these challenges, a new technology known as ""Vehicle Middleware"" has been developed.

Summary of the Invention:
The present invention relates to a Vehicle Middleware system that provides a centralized platform for efficient data transfer and communication between various ECUs and sensors in a vehicle. This technology integrates and manages the communication protocols, data formats, and interfaces between different systems, allowing for seamless and reliable data exchange.

Description of the Invention:
The Vehicle Middleware system consists of a middleware layer, which acts as an intermediary between the application layer and the hardware layer. The middleware layer is responsible for managing the data transfer and communication between different applications and hardware components. It also provides a standardized interface for communication, allowing for easy integration of new applications and hardware components.

The middleware layer utilizes a high-speed communication bus, such as Controller Area Network (CAN), Local Interconnect Network (LIN), or Ethernet, to transfer data between different systems in the vehicle. This ensures faster and more reliable data transfer compared to traditional methods such as serial communication.

Furthermore, the Vehicle Middleware system incorporates a data management module, which is responsible for organizing and prioritizing data based on its criticality and the system's bandwidth. This ensures that critical data, such as safety-related information, is given priority over non-critical data, resulting in a more efficient and reliable system.

The Vehicle Middleware system also includes a diagnostic module, which continuously monitors the data transfer and communication between different systems. In the event of any failure or error, the diagnostic module identifies the source of the problem and provides real-time diagnostics, allowing for quick and efficient troubleshooting.

Advantages:
1. Improved Data Transfer and Communication: The Vehicle Middleware system provides a centralized platform for efficient data transfer and communication, resulting in faster and more reliable systems.

2. Standardized Interface: The use of a standardized interface simplifies the integration of new applications and hardware components, reducing development time and costs.

3. Real-time Diagnostics: The diagnostic module continuously monitors the system, providing real-time diagnostics in the event of any failure or error, allowing for quick and efficient troubleshooting.

4. Scalable and Flexible: The Vehicle Middleware system is scalable and can be easily adapted to accommodate new technologies and future advancements in the automotive industry.

Conclusion:
The Vehicle Middleware system offers a novel approach to data transfer and communication in vehicles, providing a centralized platform for efficient and reliable systems. This technology has the potential to revolutionize the automotive industry and pave the way for the development of more advanced and connected vehicles.","Vehicle middleware: This ensures that critical data, such as safety-related information, is given priority over non-critical data, resulting in a more efficient and reliable system.

The Vehicle Middleware system also includes a diagnostic module, which continuously monitors the data transfer and communication between different systems",
2,1,patent/US20210234767A1/en,https://serpapi.com/search.json?engine=google_patents_details&patent_id=patent%2FUS20210234767A1%2Fen,Vehicle middleware,2011-11-16,2021-04-16,,2021-07-29,Christopher P. Ricci,Autoconnect Holdings Llc,US20210234767A1,en,https://patentimages.storage.googleapis.com/aa/b4/95/7aefdc31ecb92c/US20210234767A1-20210729-D00000.png,https://patentimages.storage.googleapis.com/42/1e/f1/02cf5e39df65cb/US20210234767A1.pdf,1.0,"Title: Vehicle Middleware for Efficient Data Transfer and Communication in the Automotive Industry

Background:
The automotive industry has seen tremendous growth in recent years with the advancement of technology and the increasing demand for connected and autonomous vehicles. As a result, vehicles are becoming more complex with numerous electronic control units (ECUs) and sensors, requiring efficient data transfer and communication between them. However, the current methods of data transfer and communication in vehicles are often limited, resulting in slow and unreliable systems. In order to address these challenges, a new technology known as ""Vehicle Middleware"" has been developed.

Summary of the Invention:
The present invention relates to a Vehicle Middleware system that provides a centralized platform for efficient data transfer and communication between various ECUs and sensors in a vehicle. This technology integrates and manages the communication protocols, data formats, and interfaces between different systems, allowing for seamless and reliable data exchange.

Description of the Invention:
The Vehicle Middleware system consists of a middleware layer, which acts as an intermediary between the application layer and the hardware layer. The middleware layer is responsible for managing the data transfer and communication between different applications and hardware components. It also provides a standardized interface for communication, allowing for easy integration of new applications and hardware components.

The middleware layer utilizes a high-speed communication bus, such as Controller Area Network (CAN), Local Interconnect Network (LIN), or Ethernet, to transfer data between different systems in the vehicle. This ensures faster and more reliable data transfer compared to traditional methods such as serial communication.

Furthermore, the Vehicle Middleware system incorporates a data management module, which is responsible for organizing and prioritizing data based on its criticality and the system's bandwidth. This ensures that critical data, such as safety-related information, is given priority over non-critical data, resulting in a more efficient and reliable system.

The Vehicle Middleware system also includes a diagnostic module, which continuously monitors the data transfer and communication between different systems. In the event of any failure or error, the diagnostic module identifies the source of the problem and provides real-time diagnostics, allowing for quick and efficient troubleshooting.

Advantages:
1. Improved Data Transfer and Communication: The Vehicle Middleware system provides a centralized platform for efficient data transfer and communication, resulting in faster and more reliable systems.

2. Standardized Interface: The use of a standardized interface simplifies the integration of new applications and hardware components, reducing development time and costs.

3. Real-time Diagnostics: The diagnostic module continuously monitors the system, providing real-time diagnostics in the event of any failure or error, allowing for quick and efficient troubleshooting.

4. Scalable and Flexible: The Vehicle Middleware system is scalable and can be easily adapted to accommodate new technologies and future advancements in the automotive industry.

Conclusion:
The Vehicle Middleware system offers a novel approach to data transfer and communication in vehicles, providing a centralized platform for efficient and reliable systems. This technology has the potential to revolutionize the automotive industry and pave the way for the development of more advanced and connected vehicles.","Vehicle middleware: In the event of any failure or error, the diagnostic module identifies the source of the problem and provides real-time diagnostics, allowing for quick and efficient troubleshooting.

Advantages:
1. Improved Data Transfer and Communication: The Vehicle Middleware system provides a centralized platform for efficient data transfer and communication, resulting in faster and more reliable systems.

2","{""technologies"": [""Vehicle Middleware""], ""places"": [], ""people"": [], ""organizations"": []}"
2,1,patent/US20210234767A1/en,https://serpapi.com/search.json?engine=google_patents_details&patent_id=patent%2FUS20210234767A1%2Fen,Vehicle middleware,2011-11-16,2021-04-16,,2021-07-29,Christopher P. Ricci,Autoconnect Holdings Llc,US20210234767A1,en,https://patentimages.storage.googleapis.com/aa/b4/95/7aefdc31ecb92c/US20210234767A1-20210729-D00000.png,https://patentimages.storage.googleapis.com/42/1e/f1/02cf5e39df65cb/US20210234767A1.pdf,1.0,"Title: Vehicle Middleware for Efficient Data Transfer and Communication in the Automotive Industry

Background:
The automotive industry has seen tremendous growth in recent years with the advancement of technology and the increasing demand for connected and autonomous vehicles. As a result, vehicles are becoming more complex with numerous electronic control units (ECUs) and sensors, requiring efficient data transfer and communication between them. However, the current methods of data transfer and communication in vehicles are often limited, resulting in slow and unreliable systems. In order to address these challenges, a new technology known as ""Vehicle Middleware"" has been developed.

Summary of the Invention:
The present invention relates to a Vehicle Middleware system that provides a centralized platform for efficient data transfer and communication between various ECUs and sensors in a vehicle. This technology integrates and manages the communication protocols, data formats, and interfaces between different systems, allowing for seamless and reliable data exchange.

Description of the Invention:
The Vehicle Middleware system consists of a middleware layer, which acts as an intermediary between the application layer and the hardware layer. The middleware layer is responsible for managing the data transfer and communication between different applications and hardware components. It also provides a standardized interface for communication, allowing for easy integration of new applications and hardware components.

The middleware layer utilizes a high-speed communication bus, such as Controller Area Network (CAN), Local Interconnect Network (LIN), or Ethernet, to transfer data between different systems in the vehicle. This ensures faster and more reliable data transfer compared to traditional methods such as serial communication.

Furthermore, the Vehicle Middleware system incorporates a data management module, which is responsible for organizing and prioritizing data based on its criticality and the system's bandwidth. This ensures that critical data, such as safety-related information, is given priority over non-critical data, resulting in a more efficient and reliable system.

The Vehicle Middleware system also includes a diagnostic module, which continuously monitors the data transfer and communication between different systems. In the event of any failure or error, the diagnostic module identifies the source of the problem and provides real-time diagnostics, allowing for quick and efficient troubleshooting.

Advantages:
1. Improved Data Transfer and Communication: The Vehicle Middleware system provides a centralized platform for efficient data transfer and communication, resulting in faster and more reliable systems.

2. Standardized Interface: The use of a standardized interface simplifies the integration of new applications and hardware components, reducing development time and costs.

3. Real-time Diagnostics: The diagnostic module continuously monitors the system, providing real-time diagnostics in the event of any failure or error, allowing for quick and efficient troubleshooting.

4. Scalable and Flexible: The Vehicle Middleware system is scalable and can be easily adapted to accommodate new technologies and future advancements in the automotive industry.

Conclusion:
The Vehicle Middleware system offers a novel approach to data transfer and communication in vehicles, providing a centralized platform for efficient and reliable systems. This technology has the potential to revolutionize the automotive industry and pave the way for the development of more advanced and connected vehicles.","Vehicle middleware: Standardized Interface: The use of a standardized interface simplifies the integration of new applications and hardware components, reducing development time and costs.

3. Real-time Diagnostics: The diagnostic module continuously monitors the system, providing real-time diagnostics in the event of any failure or error, allowing for quick and efficient troubleshooting.

4","{""technologies"": [""Vehicle middleware""], ""places"": [], ""people"": [], ""organizations"": []}"
2,1,patent/US20210234767A1/en,https://serpapi.com/search.json?engine=google_patents_details&patent_id=patent%2FUS20210234767A1%2Fen,Vehicle middleware,2011-11-16,2021-04-16,,2021-07-29,Christopher P. Ricci,Autoconnect Holdings Llc,US20210234767A1,en,https://patentimages.storage.googleapis.com/aa/b4/95/7aefdc31ecb92c/US20210234767A1-20210729-D00000.png,https://patentimages.storage.googleapis.com/42/1e/f1/02cf5e39df65cb/US20210234767A1.pdf,1.0,"Title: Vehicle Middleware for Efficient Data Transfer and Communication in the Automotive Industry

Background:
The automotive industry has seen tremendous growth in recent years with the advancement of technology and the increasing demand for connected and autonomous vehicles. As a result, vehicles are becoming more complex with numerous electronic control units (ECUs) and sensors, requiring efficient data transfer and communication between them. However, the current methods of data transfer and communication in vehicles are often limited, resulting in slow and unreliable systems. In order to address these challenges, a new technology known as ""Vehicle Middleware"" has been developed.

Summary of the Invention:
The present invention relates to a Vehicle Middleware system that provides a centralized platform for efficient data transfer and communication between various ECUs and sensors in a vehicle. This technology integrates and manages the communication protocols, data formats, and interfaces between different systems, allowing for seamless and reliable data exchange.

Description of the Invention:
The Vehicle Middleware system consists of a middleware layer, which acts as an intermediary between the application layer and the hardware layer. The middleware layer is responsible for managing the data transfer and communication between different applications and hardware components. It also provides a standardized interface for communication, allowing for easy integration of new applications and hardware components.

The middleware layer utilizes a high-speed communication bus, such as Controller Area Network (CAN), Local Interconnect Network (LIN), or Ethernet, to transfer data between different systems in the vehicle. This ensures faster and more reliable data transfer compared to traditional methods such as serial communication.

Furthermore, the Vehicle Middleware system incorporates a data management module, which is responsible for organizing and prioritizing data based on its criticality and the system's bandwidth. This ensures that critical data, such as safety-related information, is given priority over non-critical data, resulting in a more efficient and reliable system.

The Vehicle Middleware system also includes a diagnostic module, which continuously monitors the data transfer and communication between different systems. In the event of any failure or error, the diagnostic module identifies the source of the problem and provides real-time diagnostics, allowing for quick and efficient troubleshooting.

Advantages:
1. Improved Data Transfer and Communication: The Vehicle Middleware system provides a centralized platform for efficient data transfer and communication, resulting in faster and more reliable systems.

2. Standardized Interface: The use of a standardized interface simplifies the integration of new applications and hardware components, reducing development time and costs.

3. Real-time Diagnostics: The diagnostic module continuously monitors the system, providing real-time diagnostics in the event of any failure or error, allowing for quick and efficient troubleshooting.

4. Scalable and Flexible: The Vehicle Middleware system is scalable and can be easily adapted to accommodate new technologies and future advancements in the automotive industry.

Conclusion:
The Vehicle Middleware system offers a novel approach to data transfer and communication in vehicles, providing a centralized platform for efficient and reliable systems. This technology has the potential to revolutionize the automotive industry and pave the way for the development of more advanced and connected vehicles.","Vehicle middleware: Scalable and Flexible: The Vehicle Middleware system is scalable and can be easily adapted to accommodate new technologies and future advancements in the automotive industry.

Conclusion:
The Vehicle Middleware system offers a novel approach to data transfer and communication in vehicles, providing a centralized platform for efficient and reliable systems. This technology has the potential to revolutionize the automotive industry and pave the way for the development of more advanced and connected vehicles.",
