rank,title,publication_date,inventor,assignee,publication_number,language,thumbnail,pdf,page,text_chunks,entities
1,Mastering Your Vehicle's Red Alerts: A Comprehensive Guide to Critical Maintenance,2023-05-20,Robert Wolfe,Smith-Suarez,1740611947,en,https://picsum.photos/895/788,http://taylor.org/,6,"Mastering Your Vehicle's Red Alerts: A Comprehensive Guide to Critical Maintenance: Introduction:
Welcome to ""Mastering Your Vehicle's Red Alerts: A Comprehensive Guide to Critical Maintenance"". This manual is designed to provide you with the necessary information and steps to effectively handle and maintain your vehicle's red alerts. Red alerts are an important aspect of vehicle maintenance and should never be ignored",
1,Mastering Your Vehicle's Red Alerts: A Comprehensive Guide to Critical Maintenance,2023-05-20,Robert Wolfe,Smith-Suarez,1740611947,en,https://picsum.photos/895/788,http://taylor.org/,6,"Mastering Your Vehicle's Red Alerts: A Comprehensive Guide to Critical Maintenance: By following the guidelines in this manual, you will be able to keep your vehicle running smoothly and avoid costly repairs.

Chapter 1: Understanding Red Alerts
Red alerts are warning signs that indicate a potential problem with your vehicle. These alerts are usually in the form of warning lights on your dashboard, but can also be audible signals or changes in the vehicle's performance. It is important to familiarize yourself with the different red alerts on your vehicle and what they mean",
1,Mastering Your Vehicle's Red Alerts: A Comprehensive Guide to Critical Maintenance,2023-05-20,Robert Wolfe,Smith-Suarez,1740611947,en,https://picsum.photos/895/788,http://taylor.org/,6,"Mastering Your Vehicle's Red Alerts: A Comprehensive Guide to Critical Maintenance: Refer to your vehicle's owner's manual for a comprehensive list of red alerts specific to your make and model.

Chapter 2: Taking Action
When a red alert appears on your dashboard, it is important to take immediate action. Ignoring the alert can lead to further damage and potentially put you and others on the road at risk. The first step is to safely pull over to the side of the road and turn off your vehicle's engine. Next, refer to your owner's manual to determine the cause of the red alert","{""technologies"": [], ""places"": [], ""people"": [], ""organizations"": []}"
1,Mastering Your Vehicle's Red Alerts: A Comprehensive Guide to Critical Maintenance,2023-05-20,Robert Wolfe,Smith-Suarez,1740611947,en,https://picsum.photos/895/788,http://taylor.org/,6,"Mastering Your Vehicle's Red Alerts: A Comprehensive Guide to Critical Maintenance: Depending on the severity of the alert, you may need to call for roadside assistance or take your vehicle to a mechanic.

Chapter 3: Regular Maintenance
Prevention is key when it comes to red alerts. By regularly maintaining your vehicle, you can prevent red alerts from occurring in the first place. This includes routine oil changes, tire rotations, and regular inspections of your vehicle's fluids, brakes, and other important components",
1,Mastering Your Vehicle's Red Alerts: A Comprehensive Guide to Critical Maintenance,2023-05-20,Robert Wolfe,Smith-Suarez,1740611947,en,https://picsum.photos/895/788,http://taylor.org/,6,"Mastering Your Vehicle's Red Alerts: A Comprehensive Guide to Critical Maintenance: Refer to your owner's manual for a recommended maintenance schedule and stick to it to keep your vehicle in top condition.

Chapter 4: Common Red Alerts
In this chapter, we will discuss some of the most common red alerts and how to handle them. These include the check engine light, low tire pressure, and battery warning",
1,Mastering Your Vehicle's Red Alerts: A Comprehensive Guide to Critical Maintenance,2023-05-20,Robert Wolfe,Smith-Suarez,1740611947,en,https://picsum.photos/895/788,http://taylor.org/,6,"Mastering Your Vehicle's Red Alerts: A Comprehensive Guide to Critical Maintenance: It is important to note that these red alerts may have different meanings depending on your vehicle, so always refer to your owner's manual for specific instructions.

Chapter 5: Environmental Factors
Red alerts can also be triggered by external factors such as extreme weather conditions or road conditions. It is important to take these factors into consideration when driving and to adjust your driving accordingly",
1,Mastering Your Vehicle's Red Alerts: A Comprehensive Guide to Critical Maintenance,2023-05-20,Robert Wolfe,Smith-Suarez,1740611947,en,https://picsum.photos/895/788,http://taylor.org/,6,"Mastering Your Vehicle's Red Alerts: A Comprehensive Guide to Critical Maintenance: For example, if you are driving in heavy rain, you may need to increase the distance between you and the vehicle in front of you to avoid hydroplaning.

Chapter 6: Regular Inspections
Aside from regular maintenance, it is also important to conduct regular inspections of your vehicle. This includes checking your tire pressure, fluid levels, and the overall condition of your vehicle",
1,Mastering Your Vehicle's Red Alerts: A Comprehensive Guide to Critical Maintenance,2023-05-20,Robert Wolfe,Smith-Suarez,1740611947,en,https://picsum.photos/895/788,http://taylor.org/,6,"Mastering Your Vehicle's Red Alerts: A Comprehensive Guide to Critical Maintenance: By catching any potential issues early on, you can prevent red alerts from occurring while on the road.

Conclusion:
In conclusion, red alerts are an important aspect of vehicle maintenance and should never be ignored. By understanding and taking immediate action when a red alert appears, regularly maintaining your vehicle, and conducting regular inspections, you can keep your vehicle in top condition and avoid costly repairs",
1,Mastering Your Vehicle's Red Alerts: A Comprehensive Guide to Critical Maintenance,2023-05-20,Robert Wolfe,Smith-Suarez,1740611947,en,https://picsum.photos/895/788,http://taylor.org/,6,"Mastering Your Vehicle's Red Alerts: A Comprehensive Guide to Critical Maintenance: Remember to always refer to your owner's manual for specific instructions and contact a mechanic if you are unsure how to handle a red alert. Thank you for choosing ""Mastering Your Vehicle's Red Alerts: A Comprehensive Guide to Critical Maintenance"". Drive safely!","{""technologies"": [], ""places"": [], ""people"": [], ""organizations"": []}"
2,Navigating Amber Warnings: Essential Maintenance Tips to Keep Your Vehicle Running Smoothly,2022-06-02,Mitchell Smith,Raymond Inc,9754827200,en,https://placekitten.com/587/642,https://williams-romero.com/,4,"Navigating Amber Warnings: Essential Maintenance Tips to Keep Your Vehicle Running Smoothly: Welcome to the manual for navigating amber warnings and essential maintenance tips to keep your vehicle running smoothly. As a responsible driver, it is important to be aware of any warning signs that your vehicle may be giving you. Amber warnings indicate that there may be an issue with your vehicle that requires attention and should not be ignored","{""technologies"": [], ""places"": [], ""people"": [], ""organizations"": []}"
2,Navigating Amber Warnings: Essential Maintenance Tips to Keep Your Vehicle Running Smoothly,2022-06-02,Mitchell Smith,Raymond Inc,9754827200,en,https://placekitten.com/587/642,https://williams-romero.com/,4,"Navigating Amber Warnings: Essential Maintenance Tips to Keep Your Vehicle Running Smoothly: In this manual, we will guide you through the steps to properly navigate amber warnings and provide you with essential maintenance tips to ensure your vehicle stays in top condition.

Step 1: Understanding Amber Warnings
Amber warnings are displayed on your vehicle's dashboard and can vary in appearance depending on the make and model of your car. These warnings are typically orange or yellow in color and may have a symbol or text indicating the issue","{""technologies"": [], ""places"": [], ""people"": [], ""organizations"": []}"
2,Navigating Amber Warnings: Essential Maintenance Tips to Keep Your Vehicle Running Smoothly,2022-06-02,Mitchell Smith,Raymond Inc,9754827200,en,https://placekitten.com/587/642,https://williams-romero.com/,4,"Navigating Amber Warnings: Essential Maintenance Tips to Keep Your Vehicle Running Smoothly: Common amber warnings include check engine light, low tire pressure, and low fuel level. It is important to familiarize yourself with these warnings and their meanings to take appropriate action.

Step 2: Don't Ignore Amber Warnings
It may be tempting to ignore an amber warning and continue driving, especially if your vehicle seems to be running fine. However, this can lead to more significant and costly issues in the future","{""technologies"": [], ""places"": [], ""people"": [], ""organizations"": []}"
2,Navigating Amber Warnings: Essential Maintenance Tips to Keep Your Vehicle Running Smoothly,2022-06-02,Mitchell Smith,Raymond Inc,9754827200,en,https://placekitten.com/587/642,https://williams-romero.com/,4,"Navigating Amber Warnings: Essential Maintenance Tips to Keep Your Vehicle Running Smoothly: It is important to address the warning as soon as possible to prevent any potential damage to your vehicle.

Step 3: Check Your Vehicle's Manual
If you are unsure about the meaning of an amber warning, always refer to your vehicle's manual. This will provide you with specific information about the warning and the necessary steps to take","{""technologies"": [], ""places"": [], ""people"": [], ""organizations"": []}"
2,Navigating Amber Warnings: Essential Maintenance Tips to Keep Your Vehicle Running Smoothly,2022-06-02,Mitchell Smith,Raymond Inc,9754827200,en,https://placekitten.com/587/642,https://williams-romero.com/,4,"Navigating Amber Warnings: Essential Maintenance Tips to Keep Your Vehicle Running Smoothly: Ignoring or misinterpreting a warning could lead to unnecessary maintenance or even breakdowns while driving.

Step 4: Schedule Regular Maintenance
To prevent amber warnings from appearing in the first place, it is crucial to schedule regular maintenance for your vehicle. This includes oil changes, tire rotations, and other recommended services as outlined in your vehicle's manual","{""technologies"": [], ""places"": [], ""people"": [], ""organizations"": []}"
2,Navigating Amber Warnings: Essential Maintenance Tips to Keep Your Vehicle Running Smoothly,2022-06-02,Mitchell Smith,Raymond Inc,9754827200,en,https://placekitten.com/587/642,https://williams-romero.com/,4,"Navigating Amber Warnings: Essential Maintenance Tips to Keep Your Vehicle Running Smoothly: Regular maintenance can help identify and prevent potential issues before they escalate into more significant problems.

Step 5: Keep an Eye on Your Vehicle's Performance
As a driver, it is important to pay attention to how your vehicle is performing. Any changes in the way your car handles, sounds, or feels could be a sign of an underlying issue",
2,Navigating Amber Warnings: Essential Maintenance Tips to Keep Your Vehicle Running Smoothly,2022-06-02,Mitchell Smith,Raymond Inc,9754827200,en,https://placekitten.com/587/642,https://williams-romero.com/,4,"Navigating Amber Warnings: Essential Maintenance Tips to Keep Your Vehicle Running Smoothly: If you notice any changes, it is best to have your vehicle checked by a professional mechanic.

Step 6: Address Amber Warnings Immediately
If an amber warning appears while you are driving, it is essential to take action immediately. This may mean pulling over to check your vehicle's manual, scheduling a maintenance appointment, or seeking help from a professional mechanic",
2,Navigating Amber Warnings: Essential Maintenance Tips to Keep Your Vehicle Running Smoothly,2022-06-02,Mitchell Smith,Raymond Inc,9754827200,en,https://placekitten.com/587/642,https://williams-romero.com/,4,"Navigating Amber Warnings: Essential Maintenance Tips to Keep Your Vehicle Running Smoothly: Ignoring the warning could put you and your vehicle at risk.

In conclusion, navigating amber warnings and following essential maintenance tips are crucial to keep your vehicle running smoothly. By understanding the warning signs, addressing them promptly, and scheduling regular maintenance, you can prolong the lifespan of your vehicle and ensure your safety on the road. Remember, a well-maintained vehicle is a safe and reliable one.","{""technologies"": [], ""places"": [], ""people"": [], ""organizations"": []}"
3,Green Light Driving: Optimizing Performance and Efficiency for Your Vehicle,2022-12-19,Jillian Price,"Patterson, Wilson and Leach",1640155484,en,https://placekitten.com/670/624,http://hayes.com/,1,"Green Light Driving: Optimizing Performance and Efficiency for Your Vehicle: Introduction:

Welcome to ""Green Light Driving: Optimizing Performance and Efficiency for Your Vehicle""! This manual is designed to provide you with the necessary knowledge and skills to drive your vehicle in an environmentally-friendly and efficient manner. Not only will this benefit the environment, but it will also save you money on fuel and maintenance costs",
3,Green Light Driving: Optimizing Performance and Efficiency for Your Vehicle,2022-12-19,Jillian Price,"Patterson, Wilson and Leach",1640155484,en,https://placekitten.com/670/624,http://hayes.com/,1,"Green Light Driving: Optimizing Performance and Efficiency for Your Vehicle: So let's get started and learn how to become a green light driver!

Chapter 1: Understanding Your Vehicle's Performance

Before we dive into the specifics of green light driving, it's important to understand how your vehicle's performance is affected by your driving habits. The key components that impact your vehicle's performance are its engine, transmission, and tires",
3,Green Light Driving: Optimizing Performance and Efficiency for Your Vehicle,2022-12-19,Jillian Price,"Patterson, Wilson and Leach",1640155484,en,https://placekitten.com/670/624,http://hayes.com/,1,"Green Light Driving: Optimizing Performance and Efficiency for Your Vehicle: By maintaining these components properly, you can ensure your vehicle is running at its optimal level and using fuel efficiently.

Chapter 2: Tips for Green Light Driving

Now that you have a basic understanding of your vehicle's performance, let's talk about some tips for green light driving. The first thing to remember is to accelerate and decelerate smoothly",
3,Green Light Driving: Optimizing Performance and Efficiency for Your Vehicle,2022-12-19,Jillian Price,"Patterson, Wilson and Leach",1640155484,en,https://placekitten.com/670/624,http://hayes.com/,1,"Green Light Driving: Optimizing Performance and Efficiency for Your Vehicle: This means avoiding sudden starts and stops, which not only waste fuel but also put unnecessary strain on your vehicle's engine and brakes.

Another important tip is to maintain a consistent speed while driving. This not only improves fuel efficiency but also reduces wear and tear on your vehicle's engine and transmission","{""technologies"": [], ""places"": [], ""people"": [], ""organizations"": []}"
3,Green Light Driving: Optimizing Performance and Efficiency for Your Vehicle,2022-12-19,Jillian Price,"Patterson, Wilson and Leach",1640155484,en,https://placekitten.com/670/624,http://hayes.com/,1,"Green Light Driving: Optimizing Performance and Efficiency for Your Vehicle: Additionally, avoid idling for long periods of time as it is not only bad for the environment but also wastes fuel.

Chapter 3: The Benefits of Eco-Driving

By practicing green light driving techniques, you can reap several benefits for yourself and the environment. Firstly, you'll save money on fuel costs as your vehicle will use less fuel. You'll also reduce your vehicle's carbon footprint, contributing to a cleaner and healthier environment","{""technologies"": [], ""places"": [], ""people"": [], ""organizations"": []}"
3,Green Light Driving: Optimizing Performance and Efficiency for Your Vehicle,2022-12-19,Jillian Price,"Patterson, Wilson and Leach",1640155484,en,https://placekitten.com/670/624,http://hayes.com/,1,"Green Light Driving: Optimizing Performance and Efficiency for Your Vehicle: Moreover, by driving smoothly and maintaining a consistent speed, you'll also extend the lifespan of your vehicle's components, leading to lower maintenance costs in the long run.

Chapter 4: Maintenance and Upkeep

Regular maintenance and upkeep of your vehicle are crucial for optimal performance and efficiency. This includes regular oil changes, tire rotations, and tune-ups",
3,Green Light Driving: Optimizing Performance and Efficiency for Your Vehicle,2022-12-19,Jillian Price,"Patterson, Wilson and Leach",1640155484,en,https://placekitten.com/670/624,http://hayes.com/,1,"Green Light Driving: Optimizing Performance and Efficiency for Your Vehicle: By keeping your vehicle in top shape, you'll not only improve its performance but also ensure it is using fuel efficiently.

Chapter 5: Advanced Techniques for Green Light Driving

For those looking to take their green light driving to the next level, there are some advanced techniques to consider. These include using cruise control on highways, avoiding overloading your vehicle, and planning your routes to minimize driving in heavy traffic","{""technologies"": [], ""places"": [], ""people"": [], ""organizations"": []}"
3,Green Light Driving: Optimizing Performance and Efficiency for Your Vehicle,2022-12-19,Jillian Price,"Patterson, Wilson and Leach",1640155484,en,https://placekitten.com/670/624,http://hayes.com/,1,"Green Light Driving: Optimizing Performance and Efficiency for Your Vehicle: These techniques may take some practice, but they can significantly improve your vehicle's performance and efficiency.

Conclusion:

Congratulations, you have completed ""Green Light Driving: Optimizing Performance and Efficiency for Your Vehicle"" manual! By following the tips and techniques outlined in this manual, you can become a skilled green light driver and do your part in preserving the environment while also saving money on fuel and maintenance costs",
3,Green Light Driving: Optimizing Performance and Efficiency for Your Vehicle,2022-12-19,Jillian Price,"Patterson, Wilson and Leach",1640155484,en,https://placekitten.com/670/624,http://hayes.com/,1,Green Light Driving: Optimizing Performance and Efficiency for Your Vehicle: Remember to always be mindful of your driving habits and regularly maintain your vehicle to ensure it is running at its best. Happy driving!,"{""technologies"": [], ""places"": [], ""people"": [], ""organizations"": []}"
4,Understanding Red Signals: Troubleshooting and Resolving Critical Automotive Issues,2024-02-01,Jessica Potter,Marquez-Conley,6773150709,en,https://placekitten.com/195/43,https://evans.com/,8,"Understanding Red Signals: Troubleshooting and Resolving Critical Automotive Issues: Understanding Red Signals: Troubleshooting and Resolving Critical Automotive Issues

Introduction:
Welcome to our manual on understanding and troubleshooting red signals in your vehicle. As a responsible driver, it is important to be aware of any warning signs or red signals that your vehicle may display. These signals indicate critical issues that require immediate attention to ensure the safety and proper functioning of your vehicle",
4,Understanding Red Signals: Troubleshooting and Resolving Critical Automotive Issues,2024-02-01,Jessica Potter,Marquez-Conley,6773150709,en,https://placekitten.com/195/43,https://evans.com/,8,"Understanding Red Signals: Troubleshooting and Resolving Critical Automotive Issues: In this manual, we will provide you with the necessary information and steps to identify, troubleshoot, and resolve red signals in your vehicle.

Chapter 1: Understanding Red Signals
Red signals in your vehicle can be displayed through various warning lights on your dashboard, including the check engine light, oil pressure light, battery light, and brake warning light. These signals indicate potential issues with your engine, oil levels, battery, or brakes, respectively",
4,Understanding Red Signals: Troubleshooting and Resolving Critical Automotive Issues,2024-02-01,Jessica Potter,Marquez-Conley,6773150709,en,https://placekitten.com/195/43,https://evans.com/,8,"Understanding Red Signals: Troubleshooting and Resolving Critical Automotive Issues: It is crucial to pay attention to these signals and take appropriate action to avoid any further damage or accidents.

Chapter 2: Troubleshooting Red Signals
When a red signal appears on your dashboard, the first step is to refer to your vehicle's manual to identify the specific warning light and its meaning. This will help you understand the potential issue and take the necessary steps to troubleshoot it",
4,Understanding Red Signals: Troubleshooting and Resolving Critical Automotive Issues,2024-02-01,Jessica Potter,Marquez-Conley,6773150709,en,https://placekitten.com/195/43,https://evans.com/,8,"Understanding Red Signals: Troubleshooting and Resolving Critical Automotive Issues: In some cases, the red signal may be due to a minor issue that can be resolved by the driver, while in other cases, it may require professional assistance.

Chapter 3: Resolving Critical Automotive Issues
If the red signal indicates a critical issue, such as low oil pressure or battery failure, it is important to take immediate action. Pull over to a safe location and turn off the engine. Check the oil level and battery connections if possible","{""technologies"": [], ""places"": [], ""people"": [], ""organizations"": []}"
4,Understanding Red Signals: Troubleshooting and Resolving Critical Automotive Issues,2024-02-01,Jessica Potter,Marquez-Conley,6773150709,en,https://placekitten.com/195/43,https://evans.com/,8,"Understanding Red Signals: Troubleshooting and Resolving Critical Automotive Issues: If the issue persists, contact a mechanic or roadside assistance for further assistance. It is important not to ignore these critical red signals as they can lead to serious accidents or costly repairs if left unresolved.

Chapter 4: Maintaining Your Vehicle to Avoid Red Signals
Prevention is always better than cure. Regular maintenance of your vehicle can help prevent red signals from appearing",
4,Understanding Red Signals: Troubleshooting and Resolving Critical Automotive Issues,2024-02-01,Jessica Potter,Marquez-Conley,6773150709,en,https://placekitten.com/195/43,https://evans.com/,8,"Understanding Red Signals: Troubleshooting and Resolving Critical Automotive Issues: It is important to follow the recommended maintenance schedule for your vehicle, including oil changes, battery checks, and brake inspections. Keeping your vehicle in good condition can also help identify potential issues early on and prevent them from turning into critical problems.

Conclusion:
In conclusion, understanding and addressing red signals in your vehicle is crucial for the safety and proper functioning of your vehicle","{""technologies"": [], ""places"": [], ""people"": [], ""organizations"": []}"
4,Understanding Red Signals: Troubleshooting and Resolving Critical Automotive Issues,2024-02-01,Jessica Potter,Marquez-Conley,6773150709,en,https://placekitten.com/195/43,https://evans.com/,8,"Understanding Red Signals: Troubleshooting and Resolving Critical Automotive Issues: By following the steps outlined in this manual, you can troubleshoot and resolve critical automotive issues with confidence. Remember to always pay attention to warning signals and take immediate action to avoid any potential risks. Regular maintenance and proper care of your vehicle can also help prevent red signals and ensure a smooth driving experience.","{""technologies"": [], ""places"": [], ""people"": [], ""organizations"": []}"
5,Amber Alert: Your Guide to Intermediate Maintenance and Precautionary Measures,2023-06-22,Donald Johnson,Hill Ltd,1877850619,en,https://placekitten.com/594/752,http://www.patrick.org/,7,"Amber Alert: Your Guide to Intermediate Maintenance and Precautionary Measures: Amber Alert: Your Guide to Intermediate Maintenance and Precautionary Measures

Welcome to Amber Alert, your guide to intermediate maintenance and precautionary measures for your vehicle. As a responsible car owner, it is important to stay on top of regular maintenance to ensure the safety and longevity of your vehicle",
5,Amber Alert: Your Guide to Intermediate Maintenance and Precautionary Measures,2023-06-22,Donald Johnson,Hill Ltd,1877850619,en,https://placekitten.com/594/752,http://www.patrick.org/,7,"Amber Alert: Your Guide to Intermediate Maintenance and Precautionary Measures: In this manual, we will provide you with the necessary information to keep your car in top condition and prevent potential issues from arising.

Intermediate Maintenance:

Regular maintenance is crucial in keeping your vehicle running smoothly. Here are some key maintenance tasks that should be performed at regular intervals:

1. Oil Change: Oil is the lifeblood of your engine and needs to be changed every 5,000 to 7,500 miles. This will keep your engine running smoothly and prevent any damage.

2","{""technologies"": [], ""places"": [], ""people"": [], ""organizations"": []}"
5,Amber Alert: Your Guide to Intermediate Maintenance and Precautionary Measures,2023-06-22,Donald Johnson,Hill Ltd,1877850619,en,https://placekitten.com/594/752,http://www.patrick.org/,7,"Amber Alert: Your Guide to Intermediate Maintenance and Precautionary Measures: Tire Rotation: To ensure even wear and extend the life of your tires, it is important to rotate them every 5,000 to 7,500 miles. This will also improve your car's handling and fuel efficiency.

3. Fluid Checks: Regularly check the levels of your engine oil, transmission fluid, brake fluid, and coolant. Low levels of these fluids can cause serious damage to your vehicle.

4. Air Filter Replacement: A dirty air filter can reduce your car's performance and fuel efficiency",
5,Amber Alert: Your Guide to Intermediate Maintenance and Precautionary Measures,2023-06-22,Donald Johnson,Hill Ltd,1877850619,en,https://placekitten.com/594/752,http://www.patrick.org/,7,"Amber Alert: Your Guide to Intermediate Maintenance and Precautionary Measures: It is recommended to replace it every 15,000 miles.

Precautionary Measures:

In addition to regular maintenance, there are some precautionary measures you can take to keep your vehicle safe and in good condition.

1. Check Your Tires: Make sure to check your tire pressure regularly, as underinflated or overinflated tires can affect your car's handling and fuel efficiency. Also, keep an eye out for any signs of wear or damage on your tires.

2",
5,Amber Alert: Your Guide to Intermediate Maintenance and Precautionary Measures,2023-06-22,Donald Johnson,Hill Ltd,1877850619,en,https://placekitten.com/594/752,http://www.patrick.org/,7,"Amber Alert: Your Guide to Intermediate Maintenance and Precautionary Measures: Maintain Your Brakes: Your brakes are your car's most important safety feature. Have them checked regularly and replace brake pads when necessary to ensure they are functioning properly.

3. Keep Your Car Clean: Regularly washing and waxing your car not only keeps it looking good, but also protects the paint from damage. Don't forget to also clean the interior to prevent any build-up of dirt and debris.

4",
5,Amber Alert: Your Guide to Intermediate Maintenance and Precautionary Measures,2023-06-22,Donald Johnson,Hill Ltd,1877850619,en,https://placekitten.com/594/752,http://www.patrick.org/,7,"Amber Alert: Your Guide to Intermediate Maintenance and Precautionary Measures: Follow the Manufacturer's Maintenance Schedule: Every vehicle comes with a recommended maintenance schedule from the manufacturer. Make sure to follow it to keep your car in top condition.

In case of an emergency:

In the event of an emergency, it is important to be prepared. Keep the following items in your car at all times:

1. Spare Tire and Jack: In case of a flat tire, you will need a spare tire and jack to change it.

2",
5,Amber Alert: Your Guide to Intermediate Maintenance and Precautionary Measures,2023-06-22,Donald Johnson,Hill Ltd,1877850619,en,https://placekitten.com/594/752,http://www.patrick.org/,7,"Amber Alert: Your Guide to Intermediate Maintenance and Precautionary Measures: Jumper Cables: A dead battery can happen at any time, so it is important to have jumper cables on hand to get your car running again.

3. Emergency Kit: This should include a first aid kit, flashlight, and basic tools.

4. Important Contact Information: Keep a list of emergency contacts, including your mechanic, insurance company, and roadside assistance.

Conclusion:

Regular maintenance and precautionary measures are essential in keeping your vehicle safe and in good condition","{""technologies"": [], ""places"": [], ""people"": [], ""organizations"": []}"
5,Amber Alert: Your Guide to Intermediate Maintenance and Precautionary Measures,2023-06-22,Donald Johnson,Hill Ltd,1877850619,en,https://placekitten.com/594/752,http://www.patrick.org/,7,"Amber Alert: Your Guide to Intermediate Maintenance and Precautionary Measures: By following the tips outlined in this manual, you can ensure the longevity and reliability of your car. Remember, safety should always be your top priority. Take care of your vehicle and it will take care of you. Thank you for choosing Amber Alert as your guide to intermediate maintenance and precautionary measures.","{""technologies"": [], ""places"": [], ""people"": [], ""organizations"": [""Amber Alert""]}"
6,Green Zone Maintenance: Proactive Strategies for Long-Term Vehicle Health,2023-07-12,Danielle Goodman,"Hopkins, Collins and Nguyen",2361427102,en,https://placekitten.com/610/84,http://www.wells-james.biz/,3,"Green Zone Maintenance: Proactive Strategies for Long-Term Vehicle Health: Introduction:
Green Zone Maintenance is a proactive approach to keeping your vehicle in optimal condition for the long-term. By following these strategies, you can ensure that your vehicle runs smoothly, stays fuel-efficient, and reduces its environmental impact. In this manual, we will discuss the key components of Green Zone Maintenance and how you can implement them in your vehicle maintenance routine.

Regular Maintenance:
Performing regular maintenance is crucial for the health of your vehicle",
6,Green Zone Maintenance: Proactive Strategies for Long-Term Vehicle Health,2023-07-12,Danielle Goodman,"Hopkins, Collins and Nguyen",2361427102,en,https://placekitten.com/610/84,http://www.wells-james.biz/,3,"Green Zone Maintenance: Proactive Strategies for Long-Term Vehicle Health: This includes oil changes, tire rotations, and tune-ups. Regular maintenance not only keeps your vehicle running smoothly, it also helps to identify any potential issues before they become major problems. By following your vehicle's recommended maintenance schedule, you can extend its lifespan and reduce the need for costly repairs.

Use High-Quality Products:
Using high-quality products in your vehicle is essential for its long-term health",
6,Green Zone Maintenance: Proactive Strategies for Long-Term Vehicle Health,2023-07-12,Danielle Goodman,"Hopkins, Collins and Nguyen",2361427102,en,https://placekitten.com/610/84,http://www.wells-james.biz/,3,"Green Zone Maintenance: Proactive Strategies for Long-Term Vehicle Health: This includes using the recommended motor oil, fuel, and other fluids. Low-quality products can cause damage to your engine and decrease fuel efficiency. By using high-quality products, you can ensure that your vehicle is running at its best and reducing its environmental impact.

Proper Tire Care:
Tires play a significant role in the performance and efficiency of your vehicle. It is essential to regularly check your tire pressure and tread depth to ensure they are within the manufacturer's recommendations",
6,Green Zone Maintenance: Proactive Strategies for Long-Term Vehicle Health,2023-07-12,Danielle Goodman,"Hopkins, Collins and Nguyen",2361427102,en,https://placekitten.com/610/84,http://www.wells-james.biz/,3,"Green Zone Maintenance: Proactive Strategies for Long-Term Vehicle Health: Underinflated tires can decrease fuel efficiency and cause uneven wear, while overinflated tires can lead to poor handling and reduced traction. Proper tire care not only ensures your vehicle is running efficiently, but it also contributes to a safer driving experience.

Eco-Friendly Driving Habits:
Your driving habits can greatly impact the health of your vehicle and the environment. By practicing eco-friendly driving habits, you can reduce fuel consumption and emissions",
6,Green Zone Maintenance: Proactive Strategies for Long-Term Vehicle Health,2023-07-12,Danielle Goodman,"Hopkins, Collins and Nguyen",2361427102,en,https://placekitten.com/610/84,http://www.wells-james.biz/,3,"Green Zone Maintenance: Proactive Strategies for Long-Term Vehicle Health: This includes avoiding aggressive acceleration and braking, maintaining a consistent speed, and avoiding unnecessary idling. These habits not only benefit the environment, but they can also save you money on gas and reduce wear and tear on your vehicle.

Keep Your Vehicle Clean:
Regularly washing and waxing your vehicle not only keeps it looking good, but it also protects the paint and prevents rust. Salt, dirt, and other debris can build up on your vehicle, causing damage over time",
6,Green Zone Maintenance: Proactive Strategies for Long-Term Vehicle Health,2023-07-12,Danielle Goodman,"Hopkins, Collins and Nguyen",2361427102,en,https://placekitten.com/610/84,http://www.wells-james.biz/,3,"Green Zone Maintenance: Proactive Strategies for Long-Term Vehicle Health: By keeping your vehicle clean, you can prolong its lifespan and maintain its value.

Monitor Warning Signs:
It is essential to pay attention to any warning signs your vehicle may be giving you. This includes unusual noises, vibrations, or warning lights on your dashboard. Ignoring these signs can lead to costly repairs and potentially put your safety at risk",
6,Green Zone Maintenance: Proactive Strategies for Long-Term Vehicle Health,2023-07-12,Danielle Goodman,"Hopkins, Collins and Nguyen",2361427102,en,https://placekitten.com/610/84,http://www.wells-james.biz/,3,"Green Zone Maintenance: Proactive Strategies for Long-Term Vehicle Health: If you notice any warning signs, it is best to address them promptly and have your vehicle inspected by a professional.

Conclusion:
By following these proactive strategies for Green Zone Maintenance, you can ensure that your vehicle stays in optimal condition for the long-term. Regular maintenance, using high-quality products, proper tire care, eco-friendly driving habits, and keeping your vehicle clean are all key components of maintaining a healthy and efficient vehicle",
6,Green Zone Maintenance: Proactive Strategies for Long-Term Vehicle Health,2023-07-12,Danielle Goodman,"Hopkins, Collins and Nguyen",2361427102,en,https://placekitten.com/610/84,http://www.wells-james.biz/,3,"Green Zone Maintenance: Proactive Strategies for Long-Term Vehicle Health: By implementing these strategies, you can reduce your environmental impact, save money on repairs and fuel costs, and extend the lifespan of your vehicle. Remember to always follow your vehicle's recommended maintenance schedule and address any warning signs promptly to keep your vehicle running at its best.","{""technologies"": [], ""places"": [], ""people"": [], ""organizations"": []}"
7,Red Flag Repairs: Step-by-Step Solutions for Urgent Automotive Problems,2022-10-20,Gregory Shaffer,Marquez Group,7395006099,en,https://picsum.photos/500/539,http://clark-spears.net/,5,"Red Flag Repairs: Step-by-Step Solutions for Urgent Automotive Problems: Welcome to ""Red Flag Repairs: Step-by-Step Solutions for Urgent Automotive Problems"". This manual is designed to provide you with step-by-step solutions for urgent automotive problems that may arise while on the road. As a driver, it is important to be prepared for unexpected car troubles and have the knowledge and tools to handle them quickly and efficiently",
7,Red Flag Repairs: Step-by-Step Solutions for Urgent Automotive Problems,2022-10-20,Gregory Shaffer,Marquez Group,7395006099,en,https://picsum.photos/500/539,http://clark-spears.net/,5,"Red Flag Repairs: Step-by-Step Solutions for Urgent Automotive Problems: This manual will guide you through some of the most common red flag issues with easy-to-follow instructions and tips.

Chapter 1: Introduction to Red Flag Repairs
In this chapter, we will introduce you to the concept of red flag repairs and why they are important in the automotive industry. Red flags are urgent issues that require immediate attention to prevent further damage to your vehicle or potential safety hazards",
7,Red Flag Repairs: Step-by-Step Solutions for Urgent Automotive Problems,2022-10-20,Gregory Shaffer,Marquez Group,7395006099,en,https://picsum.photos/500/539,http://clark-spears.net/,5,"Red Flag Repairs: Step-by-Step Solutions for Urgent Automotive Problems: We will also discuss the importance of regular maintenance and how it can prevent red flag situations.

Chapter 2: Identifying Red Flag Issues
In this chapter, we will cover the most common red flag issues that you may encounter while driving. These include engine overheating, brake failure, transmission problems, and more",
7,Red Flag Repairs: Step-by-Step Solutions for Urgent Automotive Problems,2022-10-20,Gregory Shaffer,Marquez Group,7395006099,en,https://picsum.photos/500/539,http://clark-spears.net/,5,"Red Flag Repairs: Step-by-Step Solutions for Urgent Automotive Problems: We will help you recognize the warning signs and how to address them before they escalate into more serious problems.

Chapter 3: Emergency Tools and Supplies
In this chapter, we will discuss the essential tools and supplies you should have in your car at all times in case of a red flag situation. These include a spare tire, jack, jumper cables, and basic tools",
7,Red Flag Repairs: Step-by-Step Solutions for Urgent Automotive Problems,2022-10-20,Gregory Shaffer,Marquez Group,7395006099,en,https://picsum.photos/500/539,http://clark-spears.net/,5,"Red Flag Repairs: Step-by-Step Solutions for Urgent Automotive Problems: We will also provide tips on how to use these tools effectively.

Chapter 4: Step-by-Step Solutions
In this chapter, we will provide you with step-by-step solutions for the most common red flag issues. Each solution is accompanied by detailed instructions and diagrams to make the process easier to follow","{""technologies"": [], ""places"": [], ""people"": [], ""organizations"": []}"
7,Red Flag Repairs: Step-by-Step Solutions for Urgent Automotive Problems,2022-10-20,Gregory Shaffer,Marquez Group,7395006099,en,https://picsum.photos/500/539,http://clark-spears.net/,5,"Red Flag Repairs: Step-by-Step Solutions for Urgent Automotive Problems: We will cover solutions for issues such as a dead battery, flat tire, and engine overheating.

Chapter 5: Preventive Maintenance
In this chapter, we will stress the importance of regular maintenance to prevent red flag situations",
7,Red Flag Repairs: Step-by-Step Solutions for Urgent Automotive Problems,2022-10-20,Gregory Shaffer,Marquez Group,7395006099,en,https://picsum.photos/500/539,http://clark-spears.net/,5,"Red Flag Repairs: Step-by-Step Solutions for Urgent Automotive Problems: We will provide a checklist of maintenance tasks that should be performed regularly to keep your car in top condition and avoid unexpected breakdowns.

Chapter 6: Safety Tips
In this final chapter, we will provide you with some general safety tips to keep in mind while dealing with red flag repairs",
7,Red Flag Repairs: Step-by-Step Solutions for Urgent Automotive Problems,2022-10-20,Gregory Shaffer,Marquez Group,7395006099,en,https://picsum.photos/500/539,http://clark-spears.net/,5,"Red Flag Repairs: Step-by-Step Solutions for Urgent Automotive Problems: These include safety precautions when working on your car, what to do in case of an accident, and how to safely pull over on the side of the road.

Conclusion
We hope this manual has equipped you with the knowledge and tools to handle red flag situations confidently and efficiently. Remember to always prioritize safety and regular maintenance to prevent red flag issues from occurring. Thank you for choosing ""Red Flag Repairs: Step-by-Step Solutions for Urgent Automotive Problems"". Safe travels!",
8,Amber Zone Awareness: Identifying Potential Issues and Taking Preventive Action,2022-10-20,Kayla Ross,"Hale, Bowman and Lane",8632135679,en,https://picsum.photos/89/556,https://baker.com/,1,"Amber Zone Awareness: Identifying Potential Issues and Taking Preventive Action: Welcome to the manual on Amber Zone Awareness for the automotive industry. In this guide, we will discuss the importance of identifying potential issues and taking preventive action to ensure the safety and efficiency of your vehicles. The term ""Amber Zone"" refers to situations that are not yet dangerous, but have the potential to become hazardous if left unaddressed","{""technologies"": [], ""places"": [], ""people"": [], ""organizations"": [""automotive industry""]}"
8,Amber Zone Awareness: Identifying Potential Issues and Taking Preventive Action,2022-10-20,Kayla Ross,"Hale, Bowman and Lane",8632135679,en,https://picsum.photos/89/556,https://baker.com/,1,"Amber Zone Awareness: Identifying Potential Issues and Taking Preventive Action: By being aware of these zones and taking necessary precautions, we can avoid costly repairs, accidents, and maintain a positive reputation for our brand. So let's dive in and learn how to master Amber Zone Awareness.

1. Understanding the Amber Zone

The first step to being aware of Amber Zones is understanding what they are. As mentioned earlier, Amber Zones are situations that have the potential to become hazardous if not addressed",
8,Amber Zone Awareness: Identifying Potential Issues and Taking Preventive Action,2022-10-20,Kayla Ross,"Hale, Bowman and Lane",8632135679,en,https://picsum.photos/89/556,https://baker.com/,1,"Amber Zone Awareness: Identifying Potential Issues and Taking Preventive Action: These can include minor vehicle malfunctions, low fuel levels, worn-out tires, and more. These issues may seem insignificant at first, but if overlooked, they can lead to major problems on the road. As automotive professionals, it is our responsibility to identify these zones and take preventive action to ensure the safety of our customers and our vehicles.

2. Conduct Regular Inspections

One of the most effective ways to identify potential Amber Zones is by conducting regular inspections of our vehicles",
8,Amber Zone Awareness: Identifying Potential Issues and Taking Preventive Action,2022-10-20,Kayla Ross,"Hale, Bowman and Lane",8632135679,en,https://picsum.photos/89/556,https://baker.com/,1,"Amber Zone Awareness: Identifying Potential Issues and Taking Preventive Action: This can include checking the engine, brakes, tires, and other essential parts. By doing so, we can catch any minor issues before they escalate into major problems. It is recommended to have a checklist for inspections to ensure that no area is overlooked. Regular inspections not only help in identifying potential issues but also increase the lifespan of our vehicles.

3","{""technologies"": [], ""places"": [], ""people"": [], ""organizations"": []}"
8,Amber Zone Awareness: Identifying Potential Issues and Taking Preventive Action,2022-10-20,Kayla Ross,"Hale, Bowman and Lane",8632135679,en,https://picsum.photos/89/556,https://baker.com/,1,"Amber Zone Awareness: Identifying Potential Issues and Taking Preventive Action: Train Your Team on Amber Zone Awareness

Amber Zone Awareness is not just the responsibility of the mechanics, but it should be instilled in the entire team. All employees, from sales representatives to technicians, should be trained to identify and report any potential Amber Zones. This will create a culture of safety and efficiency within the organization and help in avoiding any future problems.

4","{""technologies"": [], ""places"": [], ""people"": [], ""organizations"": []}"
8,Amber Zone Awareness: Identifying Potential Issues and Taking Preventive Action,2022-10-20,Kayla Ross,"Hale, Bowman and Lane",8632135679,en,https://picsum.photos/89/556,https://baker.com/,1,"Amber Zone Awareness: Identifying Potential Issues and Taking Preventive Action: Address Issues Promptly

Identifying Amber Zones is only the first step; taking preventive action is equally important. As soon as an issue is identified, it should be addressed promptly. This can include repairing or replacing faulty parts, refilling low levels of fluids, or scheduling a maintenance check-up. Ignoring Amber Zones can lead to costly repairs, breakdowns, or even accidents on the road. By taking preventive action, we can save time, money, and maintain the trust of our customers.

5","{""technologies"": [], ""places"": [], ""people"": [], ""organizations"": []}"
8,Amber Zone Awareness: Identifying Potential Issues and Taking Preventive Action,2022-10-20,Kayla Ross,"Hale, Bowman and Lane",8632135679,en,https://picsum.photos/89/556,https://baker.com/,1,"Amber Zone Awareness: Identifying Potential Issues and Taking Preventive Action: Keep Records

Lastly, it is crucial to keep records of all inspections and repairs. This will help in tracking the maintenance history of each vehicle and identifying any recurring issues. It will also be beneficial in case of any warranty claims or customer complaints. Keeping detailed records will also help in identifying any patterns that may require further attention.

In conclusion, Amber Zone Awareness is vital for the automotive industry","{""technologies"": [], ""places"": [], ""people"": [], ""organizations"": [""Amber Zone Awareness""]}"
8,Amber Zone Awareness: Identifying Potential Issues and Taking Preventive Action,2022-10-20,Kayla Ross,"Hale, Bowman and Lane",8632135679,en,https://picsum.photos/89/556,https://baker.com/,1,"Amber Zone Awareness: Identifying Potential Issues and Taking Preventive Action: By understanding what Amber Zones are, conducting regular inspections, training our team, addressing issues promptly, and keeping records, we can ensure the safety and efficiency of our vehicles. Let's make Amber Zone Awareness a top priority and maintain a positive reputation for our brand. Thank you for reading this manual, and we wish you all the best in your journey towards mastering Amber Zone Awareness.","{""technologies"": [], ""places"": [], ""people"": [], ""organizations"": []}"
9,Driving in the Green Lane: Maintaining Peak Performance and Reliability,2023-06-16,Ashley Carlson,Gutierrez LLC,5765289575,en,https://picsum.photos/406/588,https://www.ramirez-malone.org/,7,"Driving in the Green Lane: Maintaining Peak Performance and Reliability: Welcome to ""Driving in the Green Lane: Maintaining Peak Performance and Reliability"" - your ultimate guide to keeping your vehicle running smoothly and efficiently. As we navigate towards a more environmentally friendly future, it is important to not only reduce our carbon footprint, but also ensure the longevity and reliability of our vehicles. In this manual, we will provide you with essential tips and tricks to help you achieve both goals while driving in the green lane.

1","{""technologies"": [], ""places"": [], ""people"": [], ""organizations"": []}"
9,Driving in the Green Lane: Maintaining Peak Performance and Reliability,2023-06-16,Ashley Carlson,Gutierrez LLC,5765289575,en,https://picsum.photos/406/588,https://www.ramirez-malone.org/,7,"Driving in the Green Lane: Maintaining Peak Performance and Reliability: Regular Maintenance Checks
Just like our bodies, vehicles require regular check-ups to ensure they are in top condition. It is recommended to have your vehicle serviced every 6 months or every 5,000 miles, whichever comes first. This will not only help maintain peak performance, but also detect any potential issues before they become major problems.

2. Choose Eco-Friendly Products
When it comes to maintaining your vehicle's performance and reliability, it is important to choose the right products","{""technologies"": [], ""places"": [], ""people"": [], ""organizations"": []}"
9,Driving in the Green Lane: Maintaining Peak Performance and Reliability,2023-06-16,Ashley Carlson,Gutierrez LLC,5765289575,en,https://picsum.photos/406/588,https://www.ramirez-malone.org/,7,"Driving in the Green Lane: Maintaining Peak Performance and Reliability: Opt for eco-friendly and biodegradable car cleaning products to reduce the impact on the environment. Additionally, use high-quality motor oil that is specifically designed for fuel-efficient vehicles to ensure optimal engine performance.

3. Properly Inflate Tires
Under-inflated tires can decrease fuel efficiency and put unnecessary strain on your vehicle's engine. Make it a habit to check your tire pressure at least once a month and inflate them to the recommended level",
9,Driving in the Green Lane: Maintaining Peak Performance and Reliability,2023-06-16,Ashley Carlson,Gutierrez LLC,5765289575,en,https://picsum.photos/406/588,https://www.ramirez-malone.org/,7,"Driving in the Green Lane: Maintaining Peak Performance and Reliability: This will not only improve fuel efficiency, but also extend the life of your tires.

4. Drive Efficiently
Your driving habits can greatly affect the performance and reliability of your vehicle. Avoid sudden accelerations and harsh braking, as they can put extra strain on the engine and wear out your brakes faster. Instead, maintain a steady speed and anticipate stops to drive more efficiently. This will not only save fuel, but also reduce wear and tear on your vehicle.

5","{""technologies"": [], ""places"": [], ""people"": [], ""organizations"": []}"
9,Driving in the Green Lane: Maintaining Peak Performance and Reliability,2023-06-16,Ashley Carlson,Gutierrez LLC,5765289575,en,https://picsum.photos/406/588,https://www.ramirez-malone.org/,7,"Driving in the Green Lane: Maintaining Peak Performance and Reliability: Follow the Manufacturer's Guidelines
Every vehicle is different and has specific maintenance needs. It is important to follow the manufacturer's guidelines for your particular make and model. This includes recommended service intervals, oil type, and other maintenance tasks. By following these guidelines, you can ensure your vehicle is performing at its best and avoid any potential issues.

6","{""technologies"": [], ""places"": [], ""people"": [], ""organizations"": []}"
9,Driving in the Green Lane: Maintaining Peak Performance and Reliability,2023-06-16,Ashley Carlson,Gutierrez LLC,5765289575,en,https://picsum.photos/406/588,https://www.ramirez-malone.org/,7,"Driving in the Green Lane: Maintaining Peak Performance and Reliability: Keep Your Vehicle Clean
Regularly washing and waxing your vehicle not only keeps it looking good, but also helps protect the paint and body from rust and corrosion. This is especially important if you live in an area with harsh weather conditions",
9,Driving in the Green Lane: Maintaining Peak Performance and Reliability,2023-06-16,Ashley Carlson,Gutierrez LLC,5765289575,en,https://picsum.photos/406/588,https://www.ramirez-malone.org/,7,"Driving in the Green Lane: Maintaining Peak Performance and Reliability: Additionally, keeping the interior clean and clutter-free can also improve the overall performance and reliability of your vehicle.

By following these tips and maintaining your vehicle properly, you can not only drive in the green lane, but also ensure your vehicle's peak performance and reliability. Remember, small changes can make a big difference in reducing your carbon footprint and keeping your vehicle running smoothly. We hope this manual has been helpful and wish you safe and eco-friendly travels!",
10,Red Alert Resolutions: Swift and Effective Responses to Emergency Automotive Situations,2023-05-07,Miss Jennifer Benson,"Bryant, Fitzgerald and Gill",8281010559,en,https://picsum.photos/389/575,http://long.com/,5,"Red Alert Resolutions: Swift and Effective Responses to Emergency Automotive Situations: Welcome to ""Red Alert Resolutions: Swift and Effective Responses to Emergency Automotive Situations."" This manual is designed to equip automotive professionals with the necessary knowledge and skills to handle emergency situations that may arise on the road.

Chapter 1: Understanding Emergency Automotive Situations

As an automotive professional, it is crucial to understand the gravity of emergency situations that can occur on the road",
10,Red Alert Resolutions: Swift and Effective Responses to Emergency Automotive Situations,2023-05-07,Miss Jennifer Benson,"Bryant, Fitzgerald and Gill",8281010559,en,https://picsum.photos/389/575,http://long.com/,5,"Red Alert Resolutions: Swift and Effective Responses to Emergency Automotive Situations: These situations can range from minor accidents to major breakdowns that could put the lives of drivers and passengers at risk. Being prepared for these emergencies is key to ensuring a swift and effective response.

Chapter 2: Assessing the Situation

In the event of an emergency, the first step is to assess the situation. This involves quickly evaluating the severity of the situation and determining the appropriate course of action",
10,Red Alert Resolutions: Swift and Effective Responses to Emergency Automotive Situations,2023-05-07,Miss Jennifer Benson,"Bryant, Fitzgerald and Gill",8281010559,en,https://picsum.photos/389/575,http://long.com/,5,"Red Alert Resolutions: Swift and Effective Responses to Emergency Automotive Situations: Is the vehicle still drivable? Are there any injuries? Is there a risk of fire or explosion? These questions must be answered before taking any further action.

Chapter 3: Safety First

The safety of all individuals involved should always be the top priority. If there are any injuries, call for medical assistance immediately. If the vehicle is not drivable, ensure that it is moved to a safe location away from traffic",
10,Red Alert Resolutions: Swift and Effective Responses to Emergency Automotive Situations,2023-05-07,Miss Jennifer Benson,"Bryant, Fitzgerald and Gill",8281010559,en,https://picsum.photos/389/575,http://long.com/,5,"Red Alert Resolutions: Swift and Effective Responses to Emergency Automotive Situations: If there is a risk of fire or explosion, evacuate all individuals and move a safe distance away from the vehicle.

Chapter 4: Communication is Key

Communication is crucial in emergency situations. Be sure to contact emergency services and provide them with all the necessary information, including the location of the incident, the number of people involved, and the severity of the situation",
10,Red Alert Resolutions: Swift and Effective Responses to Emergency Automotive Situations,2023-05-07,Miss Jennifer Benson,"Bryant, Fitzgerald and Gill",8281010559,en,https://picsum.photos/389/575,http://long.com/,5,"Red Alert Resolutions: Swift and Effective Responses to Emergency Automotive Situations: It is also important to communicate with the driver and passengers to keep them informed and calm.

Chapter 5: Basic First Aid

As an automotive professional, it is essential to have basic first aid knowledge. In the event of an injury, you should be able to provide immediate care until medical assistance arrives. This includes administering CPR, controlling bleeding, and immobilizing any potential fractures.

Chapter 6: Handling Vehicle Breakdowns

Vehicle breakdowns can be a common occurrence on the road",
10,Red Alert Resolutions: Swift and Effective Responses to Emergency Automotive Situations,2023-05-07,Miss Jennifer Benson,"Bryant, Fitzgerald and Gill",8281010559,en,https://picsum.photos/389/575,http://long.com/,5,"Red Alert Resolutions: Swift and Effective Responses to Emergency Automotive Situations: In such situations, it is important to remain calm and follow the necessary steps. This includes pulling over to a safe location, turning on hazard lights, and contacting a tow truck or roadside assistance.

Chapter 7: Dealing with Accidents

Accidents can be chaotic and overwhelming, but it is important to stay focused and follow the necessary steps",
10,Red Alert Resolutions: Swift and Effective Responses to Emergency Automotive Situations,2023-05-07,Miss Jennifer Benson,"Bryant, Fitzgerald and Gill",8281010559,en,https://picsum.photos/389/575,http://long.com/,5,"Red Alert Resolutions: Swift and Effective Responses to Emergency Automotive Situations: This includes ensuring the safety of everyone involved, gathering information from all parties, and taking photos of the scene for insurance purposes.

Chapter 8: Preventative Measures

The best way to handle emergency situations is to prevent them from happening in the first place. Regular vehicle maintenance, including tire checks and fluid top-ups, can help prevent breakdowns on the road",
10,Red Alert Resolutions: Swift and Effective Responses to Emergency Automotive Situations,2023-05-07,Miss Jennifer Benson,"Bryant, Fitzgerald and Gill",8281010559,en,https://picsum.photos/389/575,http://long.com/,5,"Red Alert Resolutions: Swift and Effective Responses to Emergency Automotive Situations: It is also important to educate drivers on safe driving practices to reduce the risk of accidents.

Conclusion:

Being prepared for emergency situations is crucial in the automotive industry. By following the steps outlined in this manual, you can ensure a swift and effective response to any emergency that may arise. Remember, safety should always be the top priority, and quick thinking and effective communication are key to handling these situations with confidence",
10,Red Alert Resolutions: Swift and Effective Responses to Emergency Automotive Situations,2023-05-07,Miss Jennifer Benson,"Bryant, Fitzgerald and Gill",8281010559,en,https://picsum.photos/389/575,http://long.com/,5,"Red Alert Resolutions: Swift and Effective Responses to Emergency Automotive Situations: Stay alert, stay safe, and be prepared for anything on the road.","{""technologies"": [], ""places"": [], ""people"": [], ""organizations"": []}"
